RD_NO,CRASH_DATE_EST_I,CRASH_DATE,POSTED_SPEED_LIMIT,TRAFFIC_CONTROL_DEVICE,DEVICE_CONDITION,WEATHER_CONDITION,LIGHTING_CONDITION,FIRST_CRASH_TYPE,TRAFFICWAY_TYPE,LANE_CNT,ALIGNMENT,ROADWAY_SURFACE_COND,ROAD_DEFECT,REPORT_TYPE,CRASH_TYPE,INTERSECTION_RELATED_I,NOT_RIGHT_OF_WAY_I,HIT_AND_RUN_I,DAMAGE,DATE_POLICE_NOTIFIED,PRIM_CONTRIBUTORY_CAUSE,SEC_CONTRIBUTORY_CAUSE,STREET_NO,STREET_DIRECTION,STREET_NAME,BEAT_OF_OCCURRENCE,PHOTOS_TAKEN_I,STATEMENTS_TAKEN_I,DOORING_I,WORK_ZONE_I,WORK_ZONE_TYPE,WORKERS_PRESENT_I,NUM_UNITS,MOST_SEVERE_INJURY,INJURIES_TOTAL,INJURIES_FATAL,INJURIES_INCAPACITATING,INJURIES_NON_INCAPACITATING,INJURIES_REPORTED_NOT_EVIDENT,INJURIES_NO_INDICATION,INJURIES_UNKNOWN,CRASH_HOUR,CRASH_DAY_OF_WEEK,CRASH_MONTH,LATITUDE,LONGITUDE,LOCATION,Join
JA493876,,11/1/2017 0:15,25,TRAFFIC SIGNAL,FUNCTIONING PROPERLY,CLEAR,DARKNESS,REAR END,NOT DIVIDED,2,STRAIGHT AND LEVEL,DRY,NO DEFECTS,ON SCENE,NO INJURY / DRIVE AWAY,Y,,,"$501 - $1,500",11/1/2017 0:15,TEXTING,CELL PHONE USE OTHER THAN TEXTING,2500,S,PULASKI RD,1013,,,,,,,2,NO INDICATION OF INJURY,0,0,0,0,0,2,0,0,4,11,41.84603757,-87.72476137,POINT (-87.724761370522 41.846037568964),1
JA493912,,11/1/2017 0:58,30,TRAFFIC SIGNAL,UNKNOWN,CLEAR,"DARKNESS, LIGHTED ROAD",TURNING,DIVIDED - W/MEDIAN (NOT RAISED),2,STRAIGHT AND LEVEL,DRY,UNKNOWN,ON SCENE,INJURY AND / OR TOW DUE TO CRASH,,,,"OVER $1,500",11/1/2017 0:59,NOT APPLICABLE,NOT APPLICABLE,2402,E,83RD ST,423,,,,,,,2,NO INDICATION OF INJURY,0,0,0,0,0,2,0,0,4,11,41.74457282,-87.56598929,POINT (-87.565989289594 41.744572823845),1
JA493934,,11/1/2017 1:13,30,TRAFFIC SIGNAL,FUNCTIONING PROPERLY,CLEAR,"DARKNESS, LIGHTED ROAD",SIDESWIPE SAME DIRECTION,DIVIDED - W/MEDIAN (NOT RAISED),6,STRAIGHT AND LEVEL,DRY,NO DEFECTS,NOT ON SCENE (DESK REPORT),NO INJURY / DRIVE AWAY,Y,,Y,"$501 - $1,500",11/1/2017 1:15,UNABLE TO DETERMINE,NOT APPLICABLE,2998,W,FULLERTON AVE,1414,,,,,,,2,NO INDICATION OF INJURY,0,0,0,0,0,2,0,1,4,11,41.92487348,-87.70222474,POINT (-87.702224735159 41.924873482871),1
JA493925,,11/1/2017 1:21,35,TRAFFIC SIGNAL,FUNCTIONING PROPERLY,CLEAR,"DARKNESS, LIGHTED ROAD",PARKED MOTOR VEHICLE,NOT DIVIDED,,STRAIGHT AND LEVEL,DRY,NO DEFECTS,ON SCENE,INJURY AND / OR TOW DUE TO CRASH,,,Y,"OVER $1,500",11/1/2017 1:21,UNABLE TO DETERMINE,NOT APPLICABLE,5758,W,AUGUSTA BLVD,1511,,,,,,,2,NO INDICATION OF INJURY,0,0,0,0,0,1,0,1,4,11,41.89853668,-87.7703265,POINT (-87.770326495689 41.89853667688),1
JA511641,,11/1/2017 1:30,30,UNKNOWN,UNKNOWN,UNKNOWN,UNKNOWN,FIXED OBJECT,NOT DIVIDED,4,STRAIGHT AND LEVEL,UNKNOWN,OTHER,NOT ON SCENE (DESK REPORT),NO INJURY / DRIVE AWAY,,,,"OVER $1,500",11/14/2017 15:30,UNABLE TO DETERMINE,UNABLE TO DETERMINE,930,E,65TH ST,314,,,,,,,1,NO INDICATION OF INJURY,0,0,0,0,0,1,0,1,4,11,41.77692772,-87.60217217,POINT (-87.602172173881 41.776927723419),1
JA493944,,11/1/2017 2:02,15,NO CONTROLS,NO CONTROLS,CLEAR,"DARKNESS, LIGHTED ROAD",PARKED MOTOR VEHICLE,NOT DIVIDED,,STRAIGHT AND LEVEL,DRY,NO DEFECTS,ON SCENE,INJURY AND / OR TOW DUE TO CRASH,,,N,"OVER $1,500",11/1/2017 2:10,UNABLE TO DETERMINE,UNABLE TO DETERMINE,5146,W,LE MOYNE ST,2533,,,,,,,3,NO INDICATION OF INJURY,0,0,0,0,0,4,0,2,4,11,41.90780366,-87.75533583,POINT (-87.755335828805 41.907803662893),1
JA493953,Y,11/1/2017 2:15,35,TRAFFIC SIGNAL,FUNCTIONING PROPERLY,CLEAR,"DARKNESS, LIGHTED ROAD",PEDESTRIAN,DIVIDED - W/MEDIAN BARRIER,3,STRAIGHT AND LEVEL,DRY,NO DEFECTS,ON SCENE,INJURY AND / OR TOW DUE TO CRASH,,,Y,"OVER $1,500",11/1/2017 2:25,UNABLE TO DETERMINE,UNABLE TO DETERMINE,8300,S,STONY ISLAND AVE,412,Y,,,,,,2,FATAL,1,1,0,0,0,1,0,2,4,11,41.74415164,-87.58594507,POINT (-87.585945066953 41.744151639042),1
JA493958,,11/1/2017 2:27,30,TRAFFIC SIGNAL,FUNCTIONING PROPERLY,CLEAR,"DARKNESS, LIGHTED ROAD",SIDESWIPE SAME DIRECTION,NOT DIVIDED,1,STRAIGHT AND LEVEL,DRY,NO DEFECTS,ON SCENE,INJURY AND / OR TOW DUE TO CRASH,,,,"$501 - $1,500",11/1/2017 2:29,IMPROPER OVERTAKING/PASSING,FAILING TO YIELD RIGHT-OF-WAY,1425,W,59TH ST,713,,,,,,,2,NO INDICATION OF INJURY,0,0,0,0,0,4,0,2,4,11,41.78669015,-87.66069561,POINT (-87.660695614345 41.786690146188),1
JA493970,,11/1/2017 3:18,30,TRAFFIC SIGNAL,FUNCTIONING PROPERLY,CLEAR,"DARKNESS, LIGHTED ROAD",SIDESWIPE SAME DIRECTION,ONE-WAY,,STRAIGHT AND LEVEL,DRY,NO DEFECTS,ON SCENE,INJURY AND / OR TOW DUE TO CRASH,Y,,,"OVER $1,500",11/1/2017 3:18,EXCEEDING SAFE SPEED FOR CONDITIONS,NOT APPLICABLE,1000,N,CLARK ST,1824,Y,Y,,,,,2,FATAL,2,2,0,0,0,0,0,3,4,11,41.9006151,-87.63149875,POINT (-87.63149875311 41.900615096028),1
JA493978,,11/1/2017 3:25,30,STOP SIGN/FLASHER,FUNCTIONING PROPERLY,CLEAR,"DARKNESS, LIGHTED ROAD",ANGLE,NOT DIVIDED,2,STRAIGHT AND LEVEL,DRY,NO DEFECTS,ON SCENE,INJURY AND / OR TOW DUE TO CRASH,Y,,,"OVER $1,500",11/1/2017 3:40,FAILING TO YIELD RIGHT-OF-WAY,NOT APPLICABLE,7200,S,YATES BLVD,334,,Y,,,,,2,NONINCAPACITATING INJURY,1,0,0,1,0,1,0,3,4,11,41.76434326,-87.56663253,POINT (-87.566632525994 41.764343255101),1
JA494003,,11/1/2017 3:30,30,NO CONTROLS,NO CONTROLS,CLEAR,DARKNESS,FIXED OBJECT,PARKING LOT,1,STRAIGHT AND LEVEL,DRY,UNKNOWN,NOT ON SCENE (DESK REPORT),NO INJURY / DRIVE AWAY,,,,$500 OR LESS,11/1/2017 6:06,UNABLE TO DETERMINE,NOT APPLICABLE,3227,W,ADDISON ST,1733,,,,,,,1,NO INDICATION OF INJURY,0,0,0,0,0,1,0,3,4,11,41.94651094,-87.70896897,POINT (-87.708968971701 41.946510941064),1
JA493980,,11/1/2017 4:10,30,STOP SIGN/FLASHER,UNKNOWN,CLEAR,"DARKNESS, LIGHTED ROAD",SIDESWIPE SAME DIRECTION,NOT DIVIDED,2,STRAIGHT AND LEVEL,DRY,UNKNOWN,ON SCENE,NO INJURY / DRIVE AWAY,Y,,Y,"$501 - $1,500",11/1/2017 4:16,IMPROPER OVERTAKING/PASSING,UNDER THE INFLUENCE OF ALCOHOL/DRUGS (USE WHEN ARREST IS EFFECTED),3600,S,CALIFORNIA AVE,911,,,,,,,2,NO INDICATION OF INJURY,0,0,0,0,0,5,0,4,4,11,41.82822428,-87.69490963,POINT (-87.694909630193 41.828224281199),1
JA493990,,11/1/2017 4:15,20,NO CONTROLS,NO CONTROLS,CLEAR,"DARKNESS, LIGHTED ROAD",PARKED MOTOR VEHICLE,NOT DIVIDED,2,STRAIGHT AND LEVEL,DRY,NO DEFECTS,ON SCENE,INJURY AND / OR TOW DUE TO CRASH,,,,"OVER $1,500",11/1/2017 4:20,DISTRACTION - FROM INSIDE VEHICLE,FAILING TO REDUCE SPEED TO AVOID CRASH,6109,S,HERMITAGE AVE,714,,,,,,,2,NO INDICATION OF INJURY,0,0,0,0,0,1,0,4,4,11,41.78262602,-87.66778514,POINT (-87.667785135476 41.782626019461),1
JA494484,,11/1/2017 4:30,30,TRAFFIC SIGNAL,FUNCTIONING PROPERLY,CLEAR,DARKNESS,ANGLE,DIVIDED - W/MEDIAN (NOT RAISED),4,STRAIGHT AND LEVEL,DRY,NO DEFECTS,NOT ON SCENE (DESK REPORT),NO INJURY / DRIVE AWAY,,,Y,"OVER $1,500",11/1/2017 13:51,FAILING TO YIELD RIGHT-OF-WAY,NOT APPLICABLE,1148,W,RANDOLPH ST,1224,,,,,,,2,NO INDICATION OF INJURY,0,0,0,0,0,2,0,4,4,11,41.88436034,-87.65629261,POINT (-87.656292606831 41.884360340956),1
JA493998,,11/1/2017 4:50,0,NO CONTROLS,NO CONTROLS,CLEAR,"DARKNESS, LIGHTED ROAD",PARKED MOTOR VEHICLE,DRIVEWAY,1,STRAIGHT AND LEVEL,DRY,NO DEFECTS,NOT ON SCENE (DESK REPORT),NO INJURY / DRIVE AWAY,,Y,,"OVER $1,500",11/1/2017 5:05,UNABLE TO DETERMINE,NOT APPLICABLE,7750,S,SOUTH SHORE DR,421,,,,,,,2,NO INDICATION OF INJURY,0,0,0,0,0,2,0,4,4,11,41.75584938,-87.55238474,POINT (-87.552384739055 41.755849375901),1
JA494826,Y,11/1/2017 5:00,20,NO CONTROLS,NO CONTROLS,CLEAR,"DARKNESS, LIGHTED ROAD",PARKED MOTOR VEHICLE,NOT DIVIDED,2,STRAIGHT AND LEVEL,DRY,NO DEFECTS,NOT ON SCENE (DESK REPORT),NO INJURY / DRIVE AWAY,,,,"$501 - $1,500",11/1/2017 17:30,UNABLE TO DETERMINE,UNABLE TO DETERMINE,3804,E,105TH ST,432,,,,,,,2,NO INDICATION OF INJURY,0,0,0,0,0,1,0,5,4,11,41.70466295,-87.53142937,POINT (-87.531429369159 41.70466294463),1
JA493997,,11/1/2017 5:09,20,NO CONTROLS,NO CONTROLS,CLEAR,"DARKNESS, LIGHTED ROAD",PARKED MOTOR VEHICLE,NOT DIVIDED,4,STRAIGHT AND LEVEL,DRY,NO DEFECTS,ON SCENE,INJURY AND / OR TOW DUE TO CRASH,,,,"OVER $1,500",11/1/2017 5:09,UNABLE TO DETERMINE,UNABLE TO DETERMINE,4836,N,KIMBALL AVE,1712,,,,,,,2,NO INDICATION OF INJURY,0,0,0,0,0,1,0,5,4,11,41.96950737,-87.71354292,POINT (-87.713542919696 41.969507365064),1
JA501448,Y,11/1/2017 5:20,20,NO CONTROLS,NO CONTROLS,CLEAR,UNKNOWN,PARKED MOTOR VEHICLE,ONE-WAY,1,STRAIGHT AND LEVEL,DRY,NO DEFECTS,NOT ON SCENE (DESK REPORT),NO INJURY / DRIVE AWAY,,,Y,"$501 - $1,500",11/6/2017 16:45,UNABLE TO DETERMINE,UNABLE TO DETERMINE,8134,S,SANGAMON ST,613,,,,,,,2,NO INDICATION OF INJURY,0,0,0,0,0,1,0,5,4,11,41.74589113,-87.64769232,POINT (-87.647692316926 41.745891131486),1
JA493999,,11/1/2017 5:22,35,UNKNOWN,UNKNOWN,CLEAR,"DARKNESS, LIGHTED ROAD",TURNING,NOT DIVIDED,4,STRAIGHT AND LEVEL,DRY,NO DEFECTS,ON SCENE,INJURY AND / OR TOW DUE TO CRASH,,,,"OVER $1,500",11/1/2017 5:22,FAILING TO YIELD RIGHT-OF-WAY,IMPROPER TURNING/NO SIGNAL,758,S,CICERO AVE,1533,,,,,,,3,NONINCAPACITATING INJURY,1,0,0,1,0,2,0,5,4,11,41.87036163,-87.74504414,POINT (-87.745044140159 41.870361632404),1
JA494004,,11/1/2017 5:50,30,TRAFFIC SIGNAL,FUNCTIONING PROPERLY,CLEAR,DAWN,REAR END,DIVIDED - W/MEDIAN (NOT RAISED),2,STRAIGHT AND LEVEL,DRY,NO DEFECTS,NOT ON SCENE (DESK REPORT),NO INJURY / DRIVE AWAY,Y,,,"$501 - $1,500",11/1/2017 5:55,FOLLOWING TOO CLOSELY,FAILING TO REDUCE SPEED TO AVOID CRASH,1200,W,59TH ST,713,,,,,,,2,NO INDICATION OF INJURY,0,0,0,0,0,2,0,5,4,11,41.786995,-87.6547475,POINT (-87.654747502118 41.786994998377),1
JA494130,,11/1/2017 6:00,30,NO CONTROLS,NO CONTROLS,CLEAR,UNKNOWN,PARKED MOTOR VEHICLE,NOT DIVIDED,4,STRAIGHT AND LEVEL,DRY,NO DEFECTS,ON SCENE,NO INJURY / DRIVE AWAY,,,Y,"$501 - $1,500",11/1/2017 8:53,IMPROPER LANE USAGE,UNABLE TO DETERMINE,3155,S,LOWE AVE,915,,,,,,,2,NO INDICATION OF INJURY,0,0,0,0,0,1,0,6,4,11,41.83647481,-87.64243832,POINT (-87.64243831726 41.836474804721),1
JA494052,,11/1/2017 6:18,30,TRAFFIC SIGNAL,FUNCTIONING PROPERLY,CLOUDY/OVERCAST,"DARKNESS, LIGHTED ROAD",SIDESWIPE SAME DIRECTION,CENTER TURN LANE,3,STRAIGHT AND LEVEL,DRY,NO DEFECTS,ON SCENE,NO INJURY / DRIVE AWAY,Y,,,"$501 - $1,500",11/1/2017 7:26,FAILING TO REDUCE SPEED TO AVOID CRASH,IMPROPER LANE USAGE,6360,S,ARCHER AVE,811,,,,,,,2,NO INDICATION OF INJURY,0,0,0,0,0,2,0,6,4,11,41.79283123,-87.78044242,POINT (-87.780442423638 41.792831225782),1
JA494024,,11/1/2017 6:30,30,NO CONTROLS,NO CONTROLS,CLEAR,"DARKNESS, LIGHTED ROAD",TURNING,NOT DIVIDED,4,STRAIGHT AND LEVEL,DRY,NO DEFECTS,,NO INJURY / DRIVE AWAY,,,,"$501 - $1,500",11/1/2017 7:00,FAILING TO YIELD RIGHT-OF-WAY,FAILING TO YIELD RIGHT-OF-WAY,7550,N,SHERIDAN RD,2422,,,,,,,2,NO INDICATION OF INJURY,0,0,0,0,0,2,0,6,4,11,42.01917307,-87.66616629,POINT (-87.666166288415 42.019173073836),1
JA494832,,11/1/2017 6:40,30,TRAFFIC SIGNAL,FUNCTIONING PROPERLY,CLEAR,DAWN,TURNING,NOT DIVIDED,2,STRAIGHT AND LEVEL,DRY,NO DEFECTS,NOT ON SCENE (DESK REPORT),NO INJURY / DRIVE AWAY,,,,"$501 - $1,500",11/1/2017 17:52,IMPROPER TURNING/NO SIGNAL,NOT APPLICABLE,3600,W,31ST ST,1032,,,,,,,2,NO INDICATION OF INJURY,0,0,0,0,0,2,0,6,4,11,41.8371648,-87.71465788,POINT (-87.714657876743 41.837164801519),1
JA494029,,11/1/2017 6:40,30,TRAFFIC SIGNAL,FUNCTIONING PROPERLY,CLEAR,DAYLIGHT,SIDESWIPE SAME DIRECTION,NOT DIVIDED,,STRAIGHT AND LEVEL,DRY,NO DEFECTS,NOT ON SCENE (DESK REPORT),NO INJURY / DRIVE AWAY,,,,"OVER $1,500",11/1/2017 7:00,IMPROPER OVERTAKING/PASSING,FAILING TO YIELD RIGHT-OF-WAY,4942,N,MILWAUKEE AVE,1623,,,,,,,2,NO INDICATION OF INJURY,0,0,0,0,0,3,0,6,4,11,41.97059316,-87.7633521,POINT (-87.763352101697 41.970593164078),1
JA494031,,11/1/2017 6:40,30,NO CONTROLS,NO CONTROLS,CLEAR,"DARKNESS, LIGHTED ROAD",PARKED MOTOR VEHICLE,ONE-WAY,,STRAIGHT AND LEVEL,DRY,NO DEFECTS,ON SCENE,INJURY AND / OR TOW DUE TO CRASH,,,Y,"OVER $1,500",11/1/2017 6:42,UNABLE TO DETERMINE,UNABLE TO DETERMINE,6627,S,ARTESIAN AVE,832,,,,,,,2,NO INDICATION OF INJURY,0,0,0,0,0,1,0,6,4,11,41.77295505,-87.68454429,POINT (-87.684544290645 41.772955046833),1
JA494039,,11/1/2017 6:55,30,TRAFFIC SIGNAL,FUNCTIONING PROPERLY,CLEAR,DAWN,TURNING,CENTER TURN LANE,,STRAIGHT AND LEVEL,DRY,NO DEFECTS,ON SCENE,INJURY AND / OR TOW DUE TO CRASH,Y,,,"OVER $1,500",11/1/2017 7:04,DISREGARDING TRAFFIC SIGNALS,NOT APPLICABLE,6033,N,LINCOLN AVE,2413,,,,,,,2,NO INDICATION OF INJURY,0,0,0,0,0,2,0,6,4,11,41.99098481,-87.70812233,POINT (-87.708122331797 41.990984810787),1
JA494030,,11/1/2017 7:00,30,NO CONTROLS,NO CONTROLS,CLEAR,DARKNESS,REAR END,NOT DIVIDED,2,STRAIGHT AND LEVEL,DRY,NO DEFECTS,NOT ON SCENE (DESK REPORT),NO INJURY / DRIVE AWAY,,,,"OVER $1,500",11/1/2017 7:10,FOLLOWING TOO CLOSELY,FAILING TO REDUCE SPEED TO AVOID CRASH,3877,N,ELSTON AVE,1732,,,,,,,2,NO INDICATION OF INJURY,0,0,0,0,0,2,0,7,4,11,41.95189755,-87.71631401,POINT (-87.716314004568 41.951897553869),1
JA495861,,11/1/2017 7:00,30,NO CONTROLS,NO CONTROLS,RAIN,DAWN,REAR END,NOT DIVIDED,2,STRAIGHT AND LEVEL,WET,NO DEFECTS,NOT ON SCENE (DESK REPORT),NO INJURY / DRIVE AWAY,,,Y,"OVER $1,500",11/2/2017 13:00,UNABLE TO DETERMINE,UNABLE TO DETERMINE,7101,S,RACINE AVE,733,,,,,,,2,NO INDICATION OF INJURY,0,0,0,0,0,2,0,7,4,11,41.76501365,-87.65396791,POINT (-87.653967914112 41.765013646543),1
JA494053,,11/1/2017 7:05,30,NO CONTROLS,NO CONTROLS,CLOUDY/OVERCAST,"DARKNESS, LIGHTED ROAD",PARKED MOTOR VEHICLE,DIVIDED - W/MEDIAN (NOT RAISED),2,STRAIGHT AND LEVEL,DRY,NO DEFECTS,ON SCENE,NO INJURY / DRIVE AWAY,,,,"OVER $1,500",11/1/2017 7:10,DISTRACTION - FROM INSIDE VEHICLE,FAILING TO REDUCE SPEED TO AVOID CRASH,2111,S,PEORIA ST,1235,,,,,,,2,NO INDICATION OF INJURY,0,0,0,0,0,2,0,7,4,11,41.85356662,-87.64800936,POINT (-87.648009363529 41.853566618271),1
JA494156,,11/1/2017 7:07,30,TRAFFIC SIGNAL,FUNCTIONING PROPERLY,CLOUDY/OVERCAST,DAYLIGHT,PEDESTRIAN,DIVIDED - W/MEDIAN (NOT RAISED),0,STRAIGHT AND LEVEL,DRY,NO DEFECTS,ON SCENE,INJURY AND / OR TOW DUE TO CRASH,Y,,Y,$500 OR LESS,11/1/2017 9:00,IMPROPER TURNING/NO SIGNAL,FAILING TO REDUCE SPEED TO AVOID CRASH,3359,N,CICERO AVE,1731,,,,,,,2,NONINCAPACITATING INJURY,1,0,0,1,0,1,0,7,4,11,41.94243301,-87.74681651,POINT (-87.746816510569 41.942433009644),1
JA494062,Y,11/1/2017 7:10,30,TRAFFIC SIGNAL,FUNCTIONING PROPERLY,CLEAR,DAYLIGHT,REAR END,DIVIDED - W/MEDIAN (NOT RAISED),,STRAIGHT AND LEVEL,DRY,NO DEFECTS,ON SCENE,NO INJURY / DRIVE AWAY,Y,,,"OVER $1,500",11/1/2017 7:13,FOLLOWING TOO CLOSELY,NOT APPLICABLE,3957,N,OAK PARK AVE,1632,,,,,,,2,NO INDICATION OF INJURY,0,0,0,0,0,2,0,7,4,11,41.95250505,-87.79611633,POINT (-87.796116328897 41.952505053265),1
JA501910,,11/1/2017 7:15,20,NO CONTROLS,NO CONTROLS,CLEAR,DAYLIGHT,PARKED MOTOR VEHICLE,NOT DIVIDED,2,STRAIGHT AND LEVEL,DRY,NO DEFECTS,NOT ON SCENE (DESK REPORT),INJURY AND / OR TOW DUE TO CRASH,,,Y,"$501 - $1,500",11/6/2017 23:20,UNABLE TO DETERMINE,IMPROPER LANE USAGE,715,N,PINE AVE,1524,,,,,,,2,NO INDICATION OF INJURY,0,0,0,0,0,1,0,7,4,11,41.89344269,-87.76336364,POINT (-87.763363640582 41.893442693465),1
JA494094,,11/1/2017 7:20,30,NO CONTROLS,NO CONTROLS,CLEAR,DAYLIGHT,REAR END,DIVIDED - W/MEDIAN (NOT RAISED),4,STRAIGHT AND LEVEL,DRY,NO DEFECTS,ON SCENE,INJURY AND / OR TOW DUE TO CRASH,,,,"OVER $1,500",11/1/2017 8:20,FAILING TO REDUCE SPEED TO AVOID CRASH,NOT APPLICABLE,3779,S,ARCHER AVE,911,,,,,,,2,NO INDICATION OF INJURY,0,0,0,0,0,2,0,7,4,11,41.82474601,-87.68666197,POINT (-87.686661969262 41.824746013862),1
JA494651,,11/1/2017 7:25,15,NO CONTROLS,NO CONTROLS,CLEAR,DAYLIGHT,REAR END,NOT DIVIDED,,STRAIGHT AND LEVEL,DRY,NO DEFECTS,NOT ON SCENE (DESK REPORT),INJURY AND / OR TOW DUE TO CRASH,,,,"OVER $1,500",11/1/2017 15:46,FOLLOWING TOO CLOSELY,UNABLE TO DETERMINE,4140,N,MARINE DR,1915,,,,,,,2,"REPORTED, NOT EVIDENT",1,0,0,0,1,1,0,7,4,11,41.95680712,-87.6461175,POINT (-87.646117502244 41.956807122603),1
JA494078,,11/1/2017 7:30,30,TRAFFIC SIGNAL,FUNCTIONING PROPERLY,CLEAR,DAYLIGHT,SIDESWIPE SAME DIRECTION,DIVIDED - W/MEDIAN (NOT RAISED),4,STRAIGHT AND LEVEL,DRY,NO DEFECTS,ON SCENE,INJURY AND / OR TOW DUE TO CRASH,Y,,,"OVER $1,500",11/1/2017 7:40,IMPROPER OVERTAKING/PASSING,IMPROPER LANE USAGE,3899,S,KEDZIE AVE,911,,,,,,,2,NO INDICATION OF INJURY,0,0,0,0,0,2,0,7,4,11,41.8226031,-87.70428164,POINT (-87.704281638788 41.822603100926),1
JA494097,,11/1/2017 7:30,30,NO CONTROLS,NO CONTROLS,CLOUDY/OVERCAST,DAYLIGHT,SIDESWIPE SAME DIRECTION,RAMP,,CURVE ON GRADE,DRY,NO DEFECTS,ON SCENE,NO INJURY / DRIVE AWAY,,,Y,$500 OR LESS,11/1/2017 8:00,IMPROPER OVERTAKING/PASSING,NOT APPLICABLE,5550,N,LAKE SHORE DR NB,2023,,,,,,,2,NO INDICATION OF INJURY,0,0,0,0,0,2,0,7,4,11,41.98334999,-87.65283118,POINT (-87.652831180229 41.983349989952),1
JA494063,,11/1/2017 7:30,30,NO CONTROLS,NO CONTROLS,CLEAR,DAYLIGHT,PARKED MOTOR VEHICLE,PARKING LOT,1,STRAIGHT AND LEVEL,DRY,NO DEFECTS,ON SCENE,NO INJURY / DRIVE AWAY,,Y,,"$501 - $1,500",11/1/2017 7:45,IMPROPER BACKING,FAILING TO REDUCE SPEED TO AVOID CRASH,4030,W,ROOSEVELT RD,1132,,,,,,,2,NO INDICATION OF INJURY,0,0,0,0,0,1,0,7,4,11,41.86626526,-87.7263306,POINT (-87.72633060162 41.866265255827),1
JA494079,,11/1/2017 7:30,30,NO CONTROLS,NO CONTROLS,CLEAR,DAYLIGHT,PARKED MOTOR VEHICLE,ONE-WAY,1,STRAIGHT AND LEVEL,DRY,NO DEFECTS,NOT ON SCENE (DESK REPORT),NO INJURY / DRIVE AWAY,,,,"OVER $1,500",11/1/2017 8:10,UNABLE TO DETERMINE,UNABLE TO DETERMINE,6130,S,WOLCOTT AVE,714,,,,,,,2,NO INDICATION OF INJURY,0,0,0,0,0,1,0,7,4,11,41.7820428,-87.67169858,POINT (-87.671698578172 41.782042797594),1
JA494057,,11/1/2017 7:30,30,TRAFFIC SIGNAL,FUNCTIONING PROPERLY,CLEAR,DAYLIGHT,REAR END,DIVIDED - W/MEDIAN (NOT RAISED),4,STRAIGHT AND LEVEL,DRY,NO DEFECTS,ON SCENE,NO INJURY / DRIVE AWAY,,,,$500 OR LESS,11/1/2017 7:35,IMPROPER LANE USAGE,NOT APPLICABLE,5667,N,RIDGE AVE,2013,,,,,,,2,NO INDICATION OF INJURY,0,0,0,0,0,6,0,7,4,11,41.98504143,-87.66215139,POINT (-87.662151386306 41.985041427886),1
JA494047,,11/1/2017 7:30,30,LANE USE MARKING,WORN REFLECTIVE MATERIAL,CLEAR,DAWN,ANGLE,DIVIDED - W/MEDIAN (NOT RAISED),2,STRAIGHT AND LEVEL,DRY,WORN SURFACE,ON SCENE,INJURY AND / OR TOW DUE TO CRASH,Y,,,"OVER $1,500",11/1/2017 7:35,FAILING TO YIELD RIGHT-OF-WAY,EXCEEDING SAFE SPEED FOR CONDITIONS,1039,W,GRANVILLE AVE,2433,,,,,,,2,NO INDICATION OF INJURY,0,0,0,0,0,2,0,7,4,11,41.99448186,-87.65710042,POINT (-87.657100419811 41.994481856508),1
JA494061,,11/1/2017 7:30,30,STOP SIGN/FLASHER,FUNCTIONING PROPERLY,CLEAR,DAYLIGHT,TURNING,DIVIDED - W/MEDIAN (NOT RAISED),,STRAIGHT AND LEVEL,DRY,NO DEFECTS,NOT ON SCENE (DESK REPORT),NO INJURY / DRIVE AWAY,,,,"OVER $1,500",11/1/2017 8:00,DRIVING SKILLS/KNOWLEDGE/EXPERIENCE,NOT APPLICABLE,4130,W,45TH ST,815,,,,,,,2,NO INDICATION OF INJURY,0,0,0,0,0,2,0,7,4,11,41.81159719,-87.72733227,POINT (-87.727332266273 41.811597190449),1
JA494132,,11/1/2017 7:35,30,NO CONTROLS,NO CONTROLS,CLOUDY/OVERCAST,DAYLIGHT,ANGLE,NOT DIVIDED,1,STRAIGHT AND LEVEL,DRY,NO DEFECTS,ON SCENE,NO INJURY / DRIVE AWAY,,,,"OVER $1,500",11/1/2017 8:23,FAILING TO YIELD RIGHT-OF-WAY,FAILING TO YIELD RIGHT-OF-WAY,1931,N,PULASKI RD,2535,,,,,,,2,NO INDICATION OF INJURY,0,0,0,0,0,2,0,7,4,11,41.91628555,-87.72638375,POINT (-87.726383751801 41.916285545408),1
JA949081,,11/1/2017 7:36,30,TRAFFIC SIGNAL,FUNCTIONING PROPERLY,CLEAR,DAYLIGHT,PARKED MOTOR VEHICLE,DIVIDED - W/MEDIAN (NOT RAISED),4,STRAIGHT AND LEVEL,DRY,NO DEFECTS,ON SCENE,NO INJURY / DRIVE AWAY,,,,"$501 - $1,500",11/1/2017 7:40,FOLLOWING TOO CLOSELY,FAILING TO REDUCE SPEED TO AVOID CRASH,2,E,MARQUETTE RD,322,,,,,,,2,NO INDICATION OF INJURY,0,0,0,0,0,1,0,7,4,11,41.77283498,-87.62507028,POINT (-87.625070277068 41.772834981744),1