RD_NO,CRASH_DATE_EST_I,CRASH_DATE,POSTED_SPEED_LIMIT,TRAFFIC_CONTROL_DEVICE,DEVICE_CONDITION,WEATHER_CONDITION,LIGHTING_CONDITION,FIRST_CRASH_TYPE,TRAFFICWAY_TYPE,LANE_CNT,ALIGNMENT,ROADWAY_SURFACE_COND,ROAD_DEFECT,REPORT_TYPE,CRASH_TYPE,INTERSECTION_RELATED_I,NOT_RIGHT_OF_WAY_I,HIT_AND_RUN_I,DAMAGE,DATE_POLICE_NOTIFIED,PRIM_CONTRIBUTORY_CAUSE,SEC_CONTRIBUTORY_CAUSE,STREET_NO,STREET_DIRECTION,STREET_NAME,BEAT_OF_OCCURRENCE,PHOTOS_TAKEN_I,STATEMENTS_TAKEN_I,DOORING_I,WORK_ZONE_I,WORK_ZONE_TYPE,WORKERS_PRESENT_I,NUM_UNITS,MOST_SEVERE_INJURY,INJURIES_TOTAL,INJURIES_FATAL,INJURIES_INCAPACITATING,INJURIES_NON_INCAPACITATING,INJURIES_REPORTED_NOT_EVIDENT,INJURIES_NO_INDICATION,INJURIES_UNKNOWN,CRASH_HOUR,CRASH_DAY_OF_WEEK,CRASH_MONTH,LATITUDE,LONGITUDE,LOCATION,Join
JA494210,,11/1/2017 10:00,30,NO CONTROLS,NO CONTROLS,CLEAR,DAYLIGHT,PARKED MOTOR VEHICLE,ONE-WAY,,STRAIGHT AND LEVEL,"SAND, MUD, DIRT",OTHER,ON SCENE,NO INJURY / DRIVE AWAY,,,,"$501 - $1,500",11/1/2017 10:01,EQUIPMENT - VEHICLE CONDITION,NOT APPLICABLE,903,N,LOCKWOOD AVE,1524,,,,Y,CONSTRUCTION,,3,NO INDICATION OF INJURY,0,0,0,0,0,1,0,10,4,11,41.89688833,-87.75795617,POINT (-87.757956165516 41.896888328367),1
JA494388,,11/1/2017 10:00,30,NO CONTROLS,NO CONTROLS,CLOUDY/OVERCAST,DAYLIGHT,PARKED MOTOR VEHICLE,ONE-WAY,1,STRAIGHT AND LEVEL,DRY,NO DEFECTS,ON SCENE,NO INJURY / DRIVE AWAY,,,Y,$500 OR LESS,11/1/2017 12:35,IMPROPER BACKING,FAILING TO REDUCE SPEED TO AVOID CRASH,1723,W,HURON ST,1215,,,,,,,3,NO INDICATION OF INJURY,0,0,0,0,0,1,0,10,4,11,41.89409052,-87.67062301,POINT (-87.670623004694 41.894090515231),1
JA495779,,11/1/2017 10:00,20,NO CONTROLS,NO CONTROLS,CLEAR,DAYLIGHT,SIDESWIPE OPPOSITE DIRECTION,PARKING LOT,1,STRAIGHT AND LEVEL,DRY,NO DEFECTS,NOT ON SCENE (DESK REPORT),INJURY AND / OR TOW DUE TO CRASH,,,,"OVER $1,500",11/2/2017 12:00,UNABLE TO DETERMINE,NOT APPLICABLE,4800,W,ROOSEVELT RD,1533,,,,,,,2,NO INDICATION OF INJURY,0,0,0,0,0,2,0,10,4,11,41.86600604,-87.74481738,POINT (-87.74481737621 41.866006039367),1
JA494304,,11/1/2017 10:00,30,NO CONTROLS,FUNCTIONING PROPERLY,CLEAR,DAYLIGHT,REAR END,NOT DIVIDED,2,STRAIGHT AND LEVEL,DRY,NO DEFECTS,NOT ON SCENE (DESK REPORT),NO INJURY / DRIVE AWAY,,,,"OVER $1,500",11/1/2017 11:39,UNABLE TO DETERMINE,UNABLE TO DETERMINE,1200,W,DIVISION ST,1433,,,,,,,2,NO INDICATION OF INJURY,0,0,0,0,0,2,0,10,4,11,41.90361782,-87.65747364,POINT (-87.657473635421 41.903617817686),1
JA494236,,11/1/2017 10:20,35,NO CONTROLS,NO CONTROLS,CLEAR,DAYLIGHT,REAR END,DIVIDED - W/MEDIAN (NOT RAISED),4,STRAIGHT AND LEVEL,DRY,NO DEFECTS,ON SCENE,NO INJURY / DRIVE AWAY,,,,"OVER $1,500",11/1/2017 10:25,FOLLOWING TOO CLOSELY,UNABLE TO DETERMINE,8401,W,IRVING PARK RD,1631,,,,,,,2,NO INDICATION OF INJURY,0,0,0,0,0,2,0,10,4,11,41.95194999,-87.83679806,POINT (-87.836798058418 41.951949986636),1
JA494281,,11/1/2017 10:30,30,NO CONTROLS,NO CONTROLS,CLOUDY/OVERCAST,DAYLIGHT,SIDESWIPE OPPOSITE DIRECTION,NOT DIVIDED,2,STRAIGHT AND LEVEL,DRY,OTHER,NOT ON SCENE (DESK REPORT),INJURY AND / OR TOW DUE TO CRASH,,,Y,"OVER $1,500",11/1/2017 11:00,IMPROPER LANE USAGE,NOT APPLICABLE,700,W,LAKE ST,1214,,,,,,,2,NO INDICATION OF INJURY,0,0,0,0,0,2,0,10,4,11,41.88579694,-87.64570081,POINT (-87.645700808301 41.885796941486),1
JA494277,,11/1/2017 10:30,30,TRAFFIC SIGNAL,FUNCTIONING PROPERLY,CLOUDY/OVERCAST,DAYLIGHT,REAR END,NOT DIVIDED,4,STRAIGHT AND LEVEL,DRY,NO DEFECTS,ON SCENE,INJURY AND / OR TOW DUE TO CRASH,Y,,,"OVER $1,500",11/1/2017 10:42,FOLLOWING TOO CLOSELY,NOT APPLICABLE,5659,N,BROADWAY,2022,,,,,,,2,"REPORTED, NOT EVIDENT",1,0,0,0,1,2,0,10,4,11,41.98537258,-87.65997602,POINT (-87.659976023359 41.985372578622),1
JA494302,,11/1/2017 10:30,25,NO CONTROLS,NO CONTROLS,CLEAR,DAYLIGHT,PARKED MOTOR VEHICLE,PARKING LOT,,STRAIGHT AND LEVEL,DRY,NO DEFECTS,NOT ON SCENE (DESK REPORT),NO INJURY / DRIVE AWAY,,Y,,"$501 - $1,500",11/1/2017 11:15,DRIVING SKILLS/KNOWLEDGE/EXPERIENCE,UNABLE TO DETERMINE,160,E,PEARSON ST,1833,,,,,,,2,NO INDICATION OF INJURY,0,0,0,0,0,1,0,10,4,11,41.89770258,-87.62346196,POINT (-87.623461956299 41.897702580979),1
JA494265,,11/1/2017 10:31,30,NO CONTROLS,NO CONTROLS,CLOUDY/OVERCAST,DAYLIGHT,PARKED MOTOR VEHICLE,ONE-WAY,2,STRAIGHT AND LEVEL,DRY,NO DEFECTS,ON SCENE,NO INJURY / DRIVE AWAY,,,,$500 OR LESS,11/1/2017 10:35,IMPROPER OVERTAKING/PASSING,FAILING TO REDUCE SPEED TO AVOID CRASH,1206,W,CONGRESS PKWY,1231,,,,,,,2,NO INDICATION OF INJURY,0,0,0,0,0,1,0,10,4,11,41.87544642,-87.65727911,POINT (-87.657279109323 41.875446419676),1
JA494290,,11/1/2017 10:40,35,TRAFFIC SIGNAL,FUNCTIONING PROPERLY,CLEAR,DAYLIGHT,SIDESWIPE SAME DIRECTION,DIVIDED - W/MEDIAN BARRIER,,STRAIGHT AND LEVEL,DRY,NO DEFECTS,,NO INJURY / DRIVE AWAY,,,,"OVER $1,500",11/1/2017 10:45,IMPROPER OVERTAKING/PASSING,NOT APPLICABLE,5050,S,CICERO AVE,814,,Y,,Y,MAINTENANCE,,2,NO INDICATION OF INJURY,0,0,0,0,0,2,0,10,4,11,41.80064255,-87.74311347,POINT (-87.743113469205 41.800642553587),1
JA494257,Y,11/1/2017 10:40,30,NO CONTROLS,NO CONTROLS,CLEAR,DAYLIGHT,FIXED OBJECT,NOT DIVIDED,2,STRAIGHT AND LEVEL,DRY,NO DEFECTS,ON SCENE,INJURY AND / OR TOW DUE TO CRASH,,,,"OVER $1,500",11/1/2017 10:45,UNABLE TO DETERMINE,UNABLE TO DETERMINE,1512,S,PULASKI RD,1012,,,,,,,1,NONINCAPACITATING INJURY,1,0,0,1,0,0,0,10,4,11,41.86026098,-87.7251426,POINT (-87.725142601654 41.860260981443),1
JA494258,,11/1/2017 10:40,30,STOP SIGN/FLASHER,FUNCTIONING PROPERLY,CLEAR,DAYLIGHT,ANGLE,NOT DIVIDED,2,STRAIGHT AND LEVEL,DRY,NO DEFECTS,NOT ON SCENE (DESK REPORT),NO INJURY / DRIVE AWAY,,,,"OVER $1,500",11/1/2017 10:57,FAILING TO YIELD RIGHT-OF-WAY,UNABLE TO DETERMINE,1701,W,SUNNYSIDE AVE,1912,,,,,,,2,NO INDICATION OF INJURY,0,0,0,0,0,3,0,10,4,11,41.96328081,-87.67096075,POINT (-87.670960744969 41.96328081078),1
JA494303,,11/1/2017 10:53,30,STOP SIGN/FLASHER,FUNCTIONING PROPERLY,CLEAR,DAYLIGHT,PARKED MOTOR VEHICLE,OTHER,,STRAIGHT AND LEVEL,DRY,NO DEFECTS,ON SCENE,INJURY AND / OR TOW DUE TO CRASH,,,,"OVER $1,500",11/1/2017 11:03,NOT APPLICABLE,NOT APPLICABLE,2699,E,80TH ST,422,,,,,,,2,FATAL,1,1,0,0,0,0,0,10,4,11,41.74990012,-87.55898436,POINT (-87.558984356436 41.7499001179),1
JA494410,,11/1/2017 10:55,30,NO CONTROLS,NO CONTROLS,CLOUDY/OVERCAST,DAYLIGHT,SIDESWIPE SAME DIRECTION,ONE-WAY,1,STRAIGHT AND LEVEL,DRY,NO DEFECTS,ON SCENE,NO INJURY / DRIVE AWAY,,,Y,"OVER $1,500",11/1/2017 12:41,UNABLE TO DETERMINE,NOT APPLICABLE,74,E,WALTON ST,1833,,,,,,,2,NO INDICATION OF INJURY,0,0,0,0,0,2,0,10,4,11,41.90009298,-87.62559103,POINT (-87.625591029058 41.900092978273),1
JA494355,,11/1/2017 11:00,30,NO CONTROLS,NO CONTROLS,CLEAR,DAYLIGHT,TURNING,NOT DIVIDED,2,STRAIGHT AND LEVEL,DRY,NO DEFECTS,NOT ON SCENE (DESK REPORT),NO INJURY / DRIVE AWAY,,,,"OVER $1,500",11/1/2017 12:14,UNABLE TO DETERMINE,NOT APPLICABLE,3032,S,PRINCETON AVE,914,,,,,,,2,NO INDICATION OF INJURY,0,0,0,0,0,2,0,11,4,11,41.83864085,-87.6342611,POINT (-87.634261099759 41.838640853583),1
JA494330,,11/1/2017 11:00,0,NO CONTROLS,NO CONTROLS,CLEAR,DAYLIGHT,PARKED MOTOR VEHICLE,ALLEY,1,STRAIGHT AND LEVEL,DRY,NO DEFECTS,NOT ON SCENE (DESK REPORT),NO INJURY / DRIVE AWAY,,,,"OVER $1,500",11/1/2017 12:01,IMPROPER OVERTAKING/PASSING,UNABLE TO DETERMINE,3455,W,111TH ST,2211,,,,,,,2,NO INDICATION OF INJURY,0,0,0,0,0,1,0,11,4,11,41.69133765,-87.70800602,POINT (-87.708006018709 41.691337650644),1
JA494315,,11/1/2017 11:18,0,TRAFFIC SIGNAL,FUNCTIONING PROPERLY,CLEAR,DAYLIGHT,TURNING,NOT DIVIDED,2,STRAIGHT AND LEVEL,DRY,NO DEFECTS,ON SCENE,INJURY AND / OR TOW DUE TO CRASH,Y,,Y,"OVER $1,500",11/1/2017 11:22,DISREGARDING TRAFFIC SIGNALS,DISREGARDING OTHER TRAFFIC SIGNS,4400,W,AUGUSTA BLVD,1111,,,,,,,2,"REPORTED, NOT EVIDENT",2,0,0,0,2,1,0,11,4,11,41.89895832,-87.73616747,POINT (-87.73616747377 41.898958322688),1
JA494356,,11/1/2017 11:20,30,NO CONTROLS,NO CONTROLS,CLEAR,DAYLIGHT,PARKED MOTOR VEHICLE,ONE-WAY,,STRAIGHT AND LEVEL,DRY,NO DEFECTS,ON SCENE,INJURY AND / OR TOW DUE TO CRASH,,,Y,"OVER $1,500",11/1/2017 12:05,UNABLE TO DETERMINE,NOT APPLICABLE,6004,S,KOLIN AVE,813,,,,,,,2,NO INDICATION OF INJURY,0,0,0,0,0,1,0,11,4,11,41.78381843,-87.7316089,POINT (-87.731608898154 41.783818433654),1
JA494428,,11/1/2017 11:29,30,UNKNOWN,UNKNOWN,CLEAR,DAYLIGHT,REAR END,UNKNOWN,,STRAIGHT AND LEVEL,DRY,UNKNOWN,NOT ON SCENE (DESK REPORT),NO INJURY / DRIVE AWAY,,,Y,"OVER $1,500",11/1/2017 13:15,FOLLOWING TOO CLOSELY,FOLLOWING TOO CLOSELY,2647,N,AUSTIN AVE,2514,,,,,,,2,NO INDICATION OF INJURY,0,0,0,0,0,2,0,11,4,11,41.92890725,-87.77574155,POINT (-87.775741550271 41.928907246525),1
JA494393,,11/1/2017 11:40,25,STOP SIGN/FLASHER,FUNCTIONING PROPERLY,CLEAR,DAYLIGHT,REAR END,ONE-WAY,1,STRAIGHT AND LEVEL,DRY,NO DEFECTS,NOT ON SCENE (DESK REPORT),INJURY AND / OR TOW DUE TO CRASH,Y,,Y,$500 OR LESS,11/1/2017 11:40,EXCEEDING SAFE SPEED FOR CONDITIONS,NOT APPLICABLE,4956,W,FLETCHER ST,2521,,,,,,,2,INCAPACITATING INJURY,1,0,1,0,0,5,0,11,4,11,41.93796475,-87.75156019,POINT (-87.751560188527 41.937964750457),1
JA494334,,11/1/2017 11:45,30,TRAFFIC SIGNAL,FUNCTIONING PROPERLY,CLEAR,DAYLIGHT,TURNING,NOT DIVIDED,2,STRAIGHT AND LEVEL,DRY,NO DEFECTS,ON SCENE,INJURY AND / OR TOW DUE TO CRASH,Y,,,"OVER $1,500",11/1/2017 11:45,FAILING TO REDUCE SPEED TO AVOID CRASH,FOLLOWING TOO CLOSELY,4400,N,ELSTON AVE,1722,,,,,,,2,NO INDICATION OF INJURY,0,0,0,0,0,5,0,11,4,11,41.9609248,-87.7299069,POINT (-87.729906898945 41.960924798749),1
JA494397,,11/1/2017 11:45,30,UNKNOWN,UNKNOWN,UNKNOWN,UNKNOWN,PARKED MOTOR VEHICLE,ONE-WAY,1,STRAIGHT AND LEVEL,UNKNOWN,UNKNOWN,NOT ON SCENE (DESK REPORT),NO INJURY / DRIVE AWAY,,,Y,"OVER $1,500",11/1/2017 12:50,UNABLE TO DETERMINE,NOT APPLICABLE,5814,N,WHIPPLE ST,2011,,,,,,,2,NO INDICATION OF INJURY,0,0,0,0,0,1,0,11,4,11,41.9872003,-87.70550619,POINT (-87.70550618759 41.987200304242),1
JA494381,,11/1/2017 11:48,30,NO CONTROLS,NO CONTROLS,CLEAR,DAYLIGHT,REAR END,ONE-WAY,1,STRAIGHT AND LEVEL,DRY,NO DEFECTS,ON SCENE,INJURY AND / OR TOW DUE TO CRASH,,,Y,"OVER $1,500",11/1/2017 12:05,UNABLE TO DETERMINE,FAILING TO REDUCE SPEED TO AVOID CRASH,3399,W,MAYPOLE AVE,1123,,,,,,,2,NONINCAPACITATING INJURY,2,0,0,2,0,1,0,11,4,11,41.88345444,-87.71096623,POINT (-87.710966227025 41.883454442065),1
JA499467,,11/1/2017 11:50,30,UNKNOWN,UNKNOWN,CLEAR,DAYLIGHT,PARKED MOTOR VEHICLE,PARKING LOT,1,STRAIGHT AND LEVEL,DRY,NO DEFECTS,NOT ON SCENE (DESK REPORT),NO INJURY / DRIVE AWAY,,,Y,"$501 - $1,500",11/1/2017 13:45,NOT APPLICABLE,NOT APPLICABLE,4650,W,NORTH AVE,2533,,,,,,,2,NO INDICATION OF INJURY,0,0,0,0,0,1,0,11,4,11,41.90976453,-87.7433763,POINT (-87.743376295706 41.909764527033),1
JA508413,,11/1/2017 11:52,30,NO CONTROLS,NO CONTROLS,CLEAR,DAYLIGHT,REAR END,NOT DIVIDED,4,STRAIGHT AND LEVEL,DRY,NO DEFECTS,NOT ON SCENE (DESK REPORT),NO INJURY / DRIVE AWAY,,,,"OVER $1,500",11/11/2017 23:00,FAILING TO REDUCE SPEED TO AVOID CRASH,UNABLE TO DETERMINE,3000,N,NARRAGANSETT AVE,2511,,,,,,,2,NO INDICATION OF INJURY,0,0,0,0,0,2,0,11,4,11,41.93470362,-87.78595881,POINT (-87.785958813154 41.934703622483),1
JA494398,,11/1/2017 11:52,30,TRAFFIC SIGNAL,FUNCTIONING PROPERLY,CLEAR,DAYLIGHT,PARKED MOTOR VEHICLE,DIVIDED - W/MEDIAN (NOT RAISED),2,STRAIGHT AND LEVEL,DRY,NO DEFECTS,ON SCENE,NO INJURY / DRIVE AWAY,,,,$500 OR LESS,11/1/2017 12:15,NOT APPLICABLE,NOT APPLICABLE,117,N,CLINTON ST,121,,,,,,,2,NO INDICATION OF INJURY,0,0,0,0,0,1,0,11,4,11,41.88374649,-87.64110498,POINT (-87.641104975822 41.883746491808),1
JA494430,,11/1/2017 12:00,30,NO CONTROLS,NO CONTROLS,CLEAR,DAYLIGHT,ANGLE,PARKING LOT,1,STRAIGHT AND LEVEL,DRY,NO DEFECTS,NOT ON SCENE (DESK REPORT),NO INJURY / DRIVE AWAY,,,,"$501 - $1,500",11/1/2017 13:05,IMPROPER BACKING,UNABLE TO DETERMINE,6310,N,NAGLE AVE,1611,,,,,,,2,NO INDICATION OF INJURY,0,0,0,0,0,2,0,12,4,11,41.99592392,-87.78763799,POINT (-87.787637991755 41.995923922764),1
JA494503,,11/1/2017 12:00,30,NO CONTROLS,NO CONTROLS,CLEAR,DAYLIGHT,PARKED MOTOR VEHICLE,PARKING LOT,,STRAIGHT AND LEVEL,DRY,NO DEFECTS,NOT ON SCENE (DESK REPORT),NO INJURY / DRIVE AWAY,,,Y,"$501 - $1,500",11/1/2017 15:10,NOT APPLICABLE,NOT APPLICABLE,946,W,DIVISION ST,1822,,,,,,,2,NO INDICATION OF INJURY,0,0,0,0,0,1,0,12,4,11,41.90368969,-87.65247659,POINT (-87.652476593228 41.903689685583),1
JA495532,Y,11/1/2017 12:00,30,NO CONTROLS,NO CONTROLS,RAIN,DAYLIGHT,PARKED MOTOR VEHICLE,ONE-WAY,,STRAIGHT AND LEVEL,WET,OTHER,NOT ON SCENE (DESK REPORT),NO INJURY / DRIVE AWAY,,,,"OVER $1,500",11/2/2017 8:47,ROAD CONSTRUCTION/MAINTENANCE,NOT APPLICABLE,6553,N,OCONTO AVE,1611,,,,,,,2,NO INDICATION OF INJURY,0,0,0,0,0,1,0,12,4,11,41.99981783,-87.80792313,POINT (-87.807923128404 41.999817829161),1
JA494837,,11/1/2017 12:00,30,NO CONTROLS,NO CONTROLS,CLEAR,DAYLIGHT,PARKED MOTOR VEHICLE,NOT DIVIDED,,STRAIGHT AND LEVEL,DRY,NO DEFECTS,NOT ON SCENE (DESK REPORT),NO INJURY / DRIVE AWAY,,,Y,"$501 - $1,500",11/1/2017 17:41,UNABLE TO DETERMINE,UNABLE TO DETERMINE,1608,W,21ST PL,1234,,,,,,,2,NO INDICATION OF INJURY,0,0,0,0,0,1,0,12,4,11,41.85333383,-87.66655416,POINT (-87.666554161143 41.853333827087),1
JA497040,,11/1/2017 12:15,30,TRAFFIC SIGNAL,FUNCTIONING PROPERLY,CLEAR,DAYLIGHT,REAR END,NOT DIVIDED,,STRAIGHT AND LEVEL,DRY,UNKNOWN,NOT ON SCENE (DESK REPORT),NO INJURY / DRIVE AWAY,,,,$500 OR LESS,11/3/2017 10:51,FOLLOWING TOO CLOSELY,DISTRACTION - FROM INSIDE VEHICLE,1600,E,93RD ST,413,,,,,,,2,NO INDICATION OF INJURY,0,0,0,0,0,2,0,12,4,11,41.72610038,-87.58491552,POINT (-87.584915519134 41.726100382181),1
JA494444,,11/1/2017 12:20,35,NO CONTROLS,NO CONTROLS,CLEAR,DAYLIGHT,ANGLE,NOT DIVIDED,2,STRAIGHT AND LEVEL,DRY,NO DEFECTS,ON SCENE,NO INJURY / DRIVE AWAY,Y,,,"OVER $1,500",11/1/2017 12:25,UNABLE TO DETERMINE,UNABLE TO DETERMINE,8059,S,KEDZIE AVE,835,,,,,,,2,NO INDICATION OF INJURY,0,0,0,0,0,2,0,12,4,11,41.74620292,-87.70214716,POINT (-87.70214716095 41.746202919854),1
JA494415,,11/1/2017 12:30,30,NO CONTROLS,NO CONTROLS,CLEAR,DAYLIGHT,SIDESWIPE SAME DIRECTION,NOT DIVIDED,2,STRAIGHT AND LEVEL,UNKNOWN,UNKNOWN,NOT ON SCENE (DESK REPORT),NO INJURY / DRIVE AWAY,,,,"$501 - $1,500",11/1/2017 12:54,FAILING TO YIELD RIGHT-OF-WAY,FAILING TO YIELD RIGHT-OF-WAY,422,W,DEMING PL,1935,,,,,,,2,NO INDICATION OF INJURY,0,0,0,0,0,2,0,12,4,11,41.92952298,-87.64014616,POINT (-87.64014616288 41.92952298215),1
JA495528,,11/1/2017 12:30,20,NO CONTROLS,NO CONTROLS,CLEAR,DAYLIGHT,PARKED MOTOR VEHICLE,PARKING LOT,,STRAIGHT AND LEVEL,DRY,NO DEFECTS,NOT ON SCENE (DESK REPORT),NO INJURY / DRIVE AWAY,,Y,,"$501 - $1,500",11/2/2017 8:50,UNABLE TO DETERMINE,UNABLE TO DETERMINE,1550,N,KINGSBURY ST,1822,,,,,,,2,NO INDICATION OF INJURY,0,0,0,0,0,1,0,12,4,11,41.90939879,-87.6530507,POINT (-87.653050697894 41.909398787809),1
JA494441,,11/1/2017 12:35,30,TRAFFIC SIGNAL,FUNCTIONING PROPERLY,CLEAR,DAYLIGHT,SIDESWIPE SAME DIRECTION,NOT DIVIDED,,STRAIGHT AND LEVEL,DRY,NO DEFECTS,NOT ON SCENE (DESK REPORT),NO INJURY / DRIVE AWAY,,,Y,"$501 - $1,500",11/1/2017 13:19,IMPROPER LANE USAGE,IMPROPER OVERTAKING/PASSING,111,S,MICHIGAN AVE,114,,,,,,,2,NO INDICATION OF INJURY,0,0,0,0,0,2,0,12,4,11,41.88052782,-87.62420947,POINT (-87.624209465859 41.880527821931),1
JA494433,,11/1/2017 12:39,15,NO CONTROLS,NO CONTROLS,CLEAR,DAYLIGHT,PARKED MOTOR VEHICLE,PARKING LOT,0,STRAIGHT AND LEVEL,DRY,NO DEFECTS,ON SCENE,NO INJURY / DRIVE AWAY,,Y,,"$501 - $1,500",11/1/2017 12:43,DRIVING SKILLS/KNOWLEDGE/EXPERIENCE,UNABLE TO DETERMINE,3347,W,NORTH AVE,1422,,,,,,,2,NO INDICATION OF INJURY,0,0,0,0,0,2,0,12,4,11,41.90995066,-87.71124469,POINT (-87.711244693733 41.90995065493),1
JA494461,,11/1/2017 12:39,15,NO CONTROLS,NO CONTROLS,CLEAR,DAYLIGHT,REAR END,PARKING LOT,1,STRAIGHT AND LEVEL,DRY,NO DEFECTS,NOT ON SCENE (DESK REPORT),INJURY AND / OR TOW DUE TO CRASH,,Y,,"$501 - $1,500",11/1/2017 13:04,FAILING TO REDUCE SPEED TO AVOID CRASH,NOT APPLICABLE,5624,W,ROOSEVELT RD,1513,,,,,,,2,"REPORTED, NOT EVIDENT",2,0,0,0,2,1,0,12,4,11,41.86569011,-87.76538912,POINT (-87.765389114679 41.865690107045),1
JA494455,,11/1/2017 12:40,30,NO CONTROLS,NO CONTROLS,CLEAR,DAYLIGHT,ANGLE,NOT DIVIDED,,STRAIGHT AND LEVEL,DRY,NO DEFECTS,NOT ON SCENE (DESK REPORT),NO INJURY / DRIVE AWAY,,,Y,"$501 - $1,500",11/1/2017 13:20,FAILING TO YIELD RIGHT-OF-WAY,FAILING TO YIELD RIGHT-OF-WAY,3439,W,GRANVILLE AVE,1711,,,,,,,2,NO INDICATION OF INJURY,0,0,0,0,0,2,0,12,4,11,41.99367812,-87.71570419,POINT (-87.715704191838 41.993678117504),1
JA494402,,11/1/2017 12:43,30,NO CONTROLS,NO CONTROLS,CLOUDY/OVERCAST,DAYLIGHT,ANGLE,NOT DIVIDED,4,STRAIGHT AND LEVEL,DRY,NO DEFECTS,ON SCENE,INJURY AND / OR TOW DUE TO CRASH,Y,,,"OVER $1,500",11/1/2017 13:17,FAILING TO YIELD RIGHT-OF-WAY,EXCEEDING AUTHORIZED SPEED LIMIT,1120,W,69TH ST,724,,,,,,,2,NONINCAPACITATING INJURY,1,0,0,1,0,3,0,12,4,11,41.76882674,-87.65268948,POINT (-87.652689474651 41.768826734767),1
JA494414,,11/1/2017 12:43,30,TRAFFIC SIGNAL,FUNCTIONING PROPERLY,CLEAR,DAYLIGHT,TURNING,NOT DIVIDED,,STRAIGHT AND LEVEL,DRY,NO DEFECTS,ON SCENE,INJURY AND / OR TOW DUE TO CRASH,Y,,,"OVER $1,500",11/1/2017 12:50,UNABLE TO DETERMINE,UNABLE TO DETERMINE,5600,W,FOSTER AVE,1622,,,,,,,2,NO INDICATION OF INJURY,0,0,0,0,0,2,0,12,4,11,41.97579235,-87.76852357,POINT (-87.768523571082 41.975792351339),1
JA494466,,11/1/2017 12:45,30,NO CONTROLS,NO CONTROLS,CLEAR,DAYLIGHT,PARKED MOTOR VEHICLE,DIVIDED - W/MEDIAN (NOT RAISED),2,STRAIGHT AND LEVEL,DRY,NO DEFECTS,ON SCENE,NO INJURY / DRIVE AWAY,,,,"OVER $1,500",11/1/2017 12:49,DISTRACTION - FROM INSIDE VEHICLE,FAILING TO REDUCE SPEED TO AVOID CRASH,819,S,PAULINA ST,1231,,,,,,,2,NO INDICATION OF INJURY,0,0,0,0,0,2,0,12,4,11,41.87102271,-87.66887352,POINT (-87.668873519551 41.871022708066),1
JA494436,,11/1/2017 12:45,30,TRAFFIC SIGNAL,FUNCTIONING PROPERLY,CLOUDY/OVERCAST,DAYLIGHT,REAR END,NOT DIVIDED,,STRAIGHT AND LEVEL,DRY,NO DEFECTS,NOT ON SCENE (DESK REPORT),NO INJURY / DRIVE AWAY,,,,"OVER $1,500",11/1/2017 13:00,FOLLOWING TOO CLOSELY,NOT APPLICABLE,10301,S,WESTERN AVE,2212,,,,,,,2,NO INDICATION OF INJURY,0,0,0,0,0,2,0,12,4,11,41.70628812,-87.68147073,POINT (-87.681470730043 41.706288116534),1
JA494470,,11/1/2017 12:47,30,TRAFFIC SIGNAL,FUNCTIONING PROPERLY,CLEAR,DAYLIGHT,ANGLE,DIVIDED - W/MEDIAN BARRIER,4,STRAIGHT AND LEVEL,DRY,NO DEFECTS,ON SCENE,INJURY AND / OR TOW DUE TO CRASH,Y,,,"OVER $1,500",11/1/2017 12:47,UNABLE TO DETERMINE,NOT APPLICABLE,3800,W,OGDEN AVE,1014,,,,,,,2,"REPORTED, NOT EVIDENT",1,0,0,0,1,2,0,12,4,11,41.85295257,-87.72000846,POINT (-87.720008461242 41.852952570147),1
JA494438,,11/1/2017 12:55,30,UNKNOWN,UNKNOWN,CLEAR,DAYLIGHT,REAR END,DIVIDED - W/MEDIAN (NOT RAISED),2,STRAIGHT AND LEVEL,DRY,UNKNOWN,ON SCENE,INJURY AND / OR TOW DUE TO CRASH,,,,$500 OR LESS,11/1/2017 13:00,FOLLOWING TOO CLOSELY,NOT APPLICABLE,5939,N,RIDGE AVE,2012,,,,,,,2,NONINCAPACITATING INJURY,2,0,0,2,0,2,0,12,4,11,41.98976206,-87.66984595,POINT (-87.669845947606 41.989762058954),1
JA494468,,11/1/2017 12:55,30,TRAFFIC SIGNAL,FUNCTIONING PROPERLY,CLEAR,DAYLIGHT,REAR END,ONE-WAY,,STRAIGHT AND LEVEL,DRY,UNKNOWN,NOT ON SCENE (DESK REPORT),NO INJURY / DRIVE AWAY,,,,"OVER $1,500",11/1/2017 12:55,UNABLE TO DETERMINE,UNABLE TO DETERMINE,50,S,CLARK ST,122,,,,,,,2,NO INDICATION OF INJURY,0,0,0,0,0,3,0,12,4,11,41.88075872,-87.63100131,POINT (-87.631001308878 41.88075872354),1