RD_NO,CRASH_DATE_EST_I,CRASH_DATE,POSTED_SPEED_LIMIT,TRAFFIC_CONTROL_DEVICE,DEVICE_CONDITION,WEATHER_CONDITION,LIGHTING_CONDITION,FIRST_CRASH_TYPE,TRAFFICWAY_TYPE,LANE_CNT,ALIGNMENT,ROADWAY_SURFACE_COND,ROAD_DEFECT,REPORT_TYPE,CRASH_TYPE,INTERSECTION_RELATED_I,NOT_RIGHT_OF_WAY_I,HIT_AND_RUN_I,DAMAGE,DATE_POLICE_NOTIFIED,PRIM_CONTRIBUTORY_CAUSE,SEC_CONTRIBUTORY_CAUSE,STREET_NO,STREET_DIRECTION,STREET_NAME,BEAT_OF_OCCURRENCE,PHOTOS_TAKEN_I,STATEMENTS_TAKEN_I,DOORING_I,WORK_ZONE_I,WORK_ZONE_TYPE,WORKERS_PRESENT_I,NUM_UNITS,MOST_SEVERE_INJURY,INJURIES_TOTAL,INJURIES_FATAL,INJURIES_INCAPACITATING,INJURIES_NON_INCAPACITATING,INJURIES_REPORTED_NOT_EVIDENT,INJURIES_NO_INDICATION,INJURIES_UNKNOWN,CRASH_HOUR,CRASH_DAY_OF_WEEK,CRASH_MONTH,LATITUDE,LONGITUDE,LOCATION,Join
JA502720,,11/1/2017 15:00,30,NO CONTROLS,NO CONTROLS,RAIN,DAYLIGHT,ANGLE,PARKING LOT,1,STRAIGHT AND LEVEL,WET,NO DEFECTS,NOT ON SCENE (DESK REPORT),NO INJURY / DRIVE AWAY,,,,"OVER $1,500",11/7/2017 15:40,IMPROPER BACKING,NOT APPLICABLE,7900,S,WESTERN AVE,835,,,,,,,2,NO INDICATION OF INJURY,0,0,0,0,0,2,0,15,4,11,41.75005493,-87.6829922,POINT (-87.682992202902 41.75005493365),1
JA494817,,11/1/2017 15:00,30,TRAFFIC SIGNAL,FUNCTIONING PROPERLY,RAIN,DAYLIGHT,TURNING,NOT DIVIDED,4,STRAIGHT AND LEVEL,WET,UNKNOWN,NOT ON SCENE (DESK REPORT),NO INJURY / DRIVE AWAY,,,Y,"$501 - $1,500",11/1/2017 17:35,FOLLOWING TOO CLOSELY,IMPROPER TURNING/NO SIGNAL,1633,W,111TH ST,2234,,,,,,,2,NO INDICATION OF INJURY,0,0,0,0,0,2,0,15,4,11,41.69200369,-87.6631894,POINT (-87.663189399863 41.692003687045),1
JA511240,Y,11/1/2017 15:00,25,STOP SIGN/FLASHER,UNKNOWN,UNKNOWN,UNKNOWN,OTHER OBJECT,ONE-WAY,1,STRAIGHT AND LEVEL,UNKNOWN,UNKNOWN,NOT ON SCENE (DESK REPORT),NO INJURY / DRIVE AWAY,N,,,"OVER $1,500",11/14/2017 10:10,UNABLE TO DETERMINE,UNABLE TO DETERMINE,301,S,LOTUS AVE,1522,,,,,,,1,NO INDICATION OF INJURY,0,0,0,0,0,1,0,15,4,11,41.87652838,-87.76154261,POINT (-87.761542607527 41.876528376175),1
JA494671,,11/1/2017 15:10,30,NO CONTROLS,NO CONTROLS,CLOUDY/OVERCAST,DAYLIGHT,REAR END,NOT DIVIDED,2,STRAIGHT AND LEVEL,DRY,NO DEFECTS,ON SCENE,INJURY AND / OR TOW DUE TO CRASH,,,,"OVER $1,500",11/1/2017 15:30,FAILING TO YIELD RIGHT-OF-WAY,FAILING TO YIELD RIGHT-OF-WAY,937,N,WILLARD CT,1213,,,,,,,2,NO INDICATION OF INJURY,0,0,0,0,0,2,0,15,4,11,41.89933734,-87.65844479,POINT (-87.658444787876 41.899337342098),1
JA494622,,11/1/2017 15:15,30,NO CONTROLS,NO CONTROLS,CLEAR,DAYLIGHT,SIDESWIPE OPPOSITE DIRECTION,RAMP,0,STRAIGHT AND LEVEL,DRY,NO DEFECTS,NOT ON SCENE (DESK REPORT),NO INJURY / DRIVE AWAY,,,N,"OVER $1,500",11/1/2017 15:33,UNABLE TO DETERMINE,NOT APPLICABLE,1500,W,TAYLOR ST,1231,,,,,,,2,NO INDICATION OF INJURY,0,0,0,0,0,3,0,15,4,11,41.86940905,-87.66419709,POINT (-87.664197090165 41.869409054037),1
JA494654,,11/1/2017 15:17,30,TRAFFIC SIGNAL,FUNCTIONING PROPERLY,CLOUDY/OVERCAST,DAYLIGHT,REAR END,NOT DIVIDED,,STRAIGHT AND LEVEL,DRY,UNKNOWN,NOT ON SCENE (DESK REPORT),NO INJURY / DRIVE AWAY,,,,"$501 - $1,500",11/1/2017 15:51,UNABLE TO DETERMINE,UNABLE TO DETERMINE,2799,W,ROOSEVELT RD,1023,,,,,,,2,NO INDICATION OF INJURY,0,0,0,0,0,2,0,15,4,11,41.86640167,-87.69584471,POINT (-87.695844706263 41.866401670828),1
JA494752,,11/1/2017 15:20,30,STOP SIGN/FLASHER,FUNCTIONING PROPERLY,CLEAR,DAYLIGHT,ANGLE,NOT DIVIDED,2,STRAIGHT AND LEVEL,DRY,NO DEFECTS,ON SCENE,INJURY AND / OR TOW DUE TO CRASH,Y,,Y,"OVER $1,500",11/1/2017 15:20,DISREGARDING STOP SIGN,NOT APPLICABLE,2532,W,59TH ST,824,,Y,,,,,2,NONINCAPACITATING INJURY,2,0,0,2,0,1,0,15,4,11,41.78661272,-87.68756266,POINT (-87.687562655543 41.786612720057),1
JA494840,,11/1/2017 15:20,5,NO CONTROLS,NO CONTROLS,RAIN,UNKNOWN,PARKED MOTOR VEHICLE,PARKING LOT,,STRAIGHT AND LEVEL,WET,NO DEFECTS,NOT ON SCENE (DESK REPORT),NO INJURY / DRIVE AWAY,,Y,,"OVER $1,500",11/1/2017 17:40,IMPROPER BACKING,UNABLE TO DETERMINE,1440,W,103RD ST,2213,,,,,,,2,NO INDICATION OF INJURY,0,0,0,0,0,1,0,15,4,11,41.70685308,-87.65887406,POINT (-87.658874063172 41.706853083008),1
JA494648,,11/1/2017 15:25,30,NO CONTROLS,NO CONTROLS,RAIN,DAYLIGHT,TURNING,CENTER TURN LANE,4,STRAIGHT AND LEVEL,WET,NO DEFECTS,ON SCENE,INJURY AND / OR TOW DUE TO CRASH,N,,,"OVER $1,500",11/1/2017 15:26,EXCEEDING SAFE SPEED FOR CONDITIONS,UNABLE TO DETERMINE,847,W,87TH ST,2222,,,,,,,2,NONINCAPACITATING INJURY,1,0,0,1,0,1,0,15,4,11,41.73593936,-87.64533318,POINT (-87.645333174981 41.735939361672),1
JA494739,,11/1/2017 15:25,20,NO CONTROLS,NO CONTROLS,CLEAR,DAYLIGHT,PARKED MOTOR VEHICLE,NOT DIVIDED,,STRAIGHT AND LEVEL,DRY,NO DEFECTS,NOT ON SCENE (DESK REPORT),NO INJURY / DRIVE AWAY,,,,"$501 - $1,500",11/1/2017 16:45,UNABLE TO DETERMINE,UNABLE TO DETERMINE,5851,S,STONY ISLAND AVE,331,,,,,,,2,NO INDICATION OF INJURY,0,0,0,0,0,1,0,15,4,11,41.7882066,-87.58649529,POINT (-87.586495284774 41.78820659928),1
JA495518,,11/1/2017 15:25,30,NO CONTROLS,NO CONTROLS,CLEAR,DAYLIGHT,REAR END,NOT DIVIDED,4,STRAIGHT AND LEVEL,DRY,NO DEFECTS,NOT ON SCENE (DESK REPORT),NO INJURY / DRIVE AWAY,,,,"OVER $1,500",11/2/2017 8:45,FOLLOWING TOO CLOSELY,NOT APPLICABLE,72,W,FULLERTON DR,1935,,,,,,,2,NO INDICATION OF INJURY,0,0,0,0,0,3,0,15,4,11,41.92621869,-87.63137196,POINT (-87.631371955684 41.926218685605),1
JA494730,,11/1/2017 15:30,30,TRAFFIC SIGNAL,FUNCTIONING PROPERLY,RAIN,DAYLIGHT,SIDESWIPE SAME DIRECTION,DIVIDED - W/MEDIAN (NOT RAISED),4,STRAIGHT AND LEVEL,WET,NO DEFECTS,NOT ON SCENE (DESK REPORT),NO INJURY / DRIVE AWAY,,,,"OVER $1,500",11/1/2017 16:45,FAILING TO YIELD RIGHT-OF-WAY,UNABLE TO DETERMINE,3007,W,BELMONT AVE,1411,,,,,,,2,NO INDICATION OF INJURY,0,0,0,0,0,2,0,15,4,11,41.93925223,-87.70302143,POINT (-87.703021434023 41.939252229105),1
JA497279,,11/1/2017 15:30,25,NO CONTROLS,NO CONTROLS,UNKNOWN,DAYLIGHT,PEDALCYCLIST,NOT DIVIDED,,STRAIGHT AND LEVEL,UNKNOWN,NO DEFECTS,NOT ON SCENE (DESK REPORT),INJURY AND / OR TOW DUE TO CRASH,,,,$500 OR LESS,11/3/2017 14:00,UNABLE TO DETERMINE,UNABLE TO DETERMINE,1830,W,WILSON AVE,1912,,,Y,,,,2,NONINCAPACITATING INJURY,1,0,0,1,0,1,0,15,4,11,41.96525043,-87.67595017,POINT (-87.675950174225 41.965250429709),1
JA494697,,11/1/2017 15:30,30,NO CONTROLS,NO CONTROLS,RAIN,DAYLIGHT,PARKED MOTOR VEHICLE,NOT DIVIDED,,STRAIGHT AND LEVEL,WET,NO DEFECTS,ON SCENE,NO INJURY / DRIVE AWAY,,,,"$501 - $1,500",11/1/2017 15:30,UNABLE TO DETERMINE,UNABLE TO DETERMINE,2330,S,WENTWORTH AVE,914,,,,,,,2,NO INDICATION OF INJURY,0,0,0,0,0,1,0,15,4,11,41.85010767,-87.63209994,POINT (-87.632099943834 41.850107668657),1
JA494696,,11/1/2017 15:30,30,NO CONTROLS,NO CONTROLS,CLOUDY/OVERCAST,DAYLIGHT,REAR END,NOT DIVIDED,2,STRAIGHT AND LEVEL,WET,UNKNOWN,NOT ON SCENE (DESK REPORT),NO INJURY / DRIVE AWAY,,,,"OVER $1,500",11/1/2017 16:20,FOLLOWING TOO CLOSELY,UNABLE TO DETERMINE,2901,W,FOSTER AVE,2031,,,,,,,2,NO INDICATION OF INJURY,0,0,0,0,0,2,0,15,4,11,41.97568873,-87.70142761,POINT (-87.701427606531 41.975688732294),1
JA494777,,11/1/2017 15:30,30,STOP SIGN/FLASHER,FUNCTIONING PROPERLY,RAIN,DAYLIGHT,ANGLE,DIVIDED - W/MEDIAN (NOT RAISED),,STRAIGHT AND LEVEL,WET,NO DEFECTS,NOT ON SCENE (DESK REPORT),NO INJURY / DRIVE AWAY,,,,"OVER $1,500",11/1/2017 16:20,DRIVING SKILLS/KNOWLEDGE/EXPERIENCE,UNABLE TO DETERMINE,8800,S,SAGINAW AVE,423,,,,,,,2,NO INDICATION OF INJURY,0,0,0,0,0,2,0,15,4,11,41.73535832,-87.55982989,POINT (-87.559829886455 41.735358316932),1
JA494704,,11/1/2017 15:30,30,TRAFFIC SIGNAL,FUNCTIONING PROPERLY,CLEAR,DAYLIGHT,SIDESWIPE SAME DIRECTION,NOT DIVIDED,2,STRAIGHT AND LEVEL,DRY,NO DEFECTS,NOT ON SCENE (DESK REPORT),NO INJURY / DRIVE AWAY,,,,"$501 - $1,500",11/1/2017 15:55,IMPROPER OVERTAKING/PASSING,IMPROPER OVERTAKING/PASSING,10700,S,STATE ST,513,,,,,,,2,NO INDICATION OF INJURY,0,0,0,0,0,2,0,15,4,11,41.69977694,-87.62345683,POINT (-87.623456824885 41.699776939176),1
JA494673,,11/1/2017 15:38,30,NO CONTROLS,NO CONTROLS,RAIN,DUSK,REAR END,DIVIDED - W/MEDIAN (NOT RAISED),4,STRAIGHT AND LEVEL,WET,NO DEFECTS,ON SCENE,INJURY AND / OR TOW DUE TO CRASH,,,,"OVER $1,500",11/1/2017 15:40,FAILING TO REDUCE SPEED TO AVOID CRASH,FOLLOWING TOO CLOSELY,5000,S,WESTERN AVE,923,,,,,,,2,NONINCAPACITATING INJURY,2,0,0,2,0,2,0,15,4,11,41.80287082,-87.68441634,POINT (-87.684416341899 41.802870816721),1
JA494712,,11/1/2017 15:40,30,NO CONTROLS,NO CONTROLS,CLEAR,DAYLIGHT,SIDESWIPE SAME DIRECTION,PARKING LOT,0,STRAIGHT AND LEVEL,DRY,NO DEFECTS,NOT ON SCENE (DESK REPORT),NO INJURY / DRIVE AWAY,,,Y,"OVER $1,500",11/1/2017 16:33,UNABLE TO DETERMINE,NOT APPLICABLE,1969,W,OGDEN AVE,1231,,,,,,,2,NO INDICATION OF INJURY,0,0,0,0,0,3,0,15,4,11,41.873217,-87.67567518,POINT (-87.67567517654 41.873216999115),1
JA496057,,11/1/2017 15:45,30,TRAFFIC SIGNAL,FUNCTIONING PROPERLY,UNKNOWN,DAYLIGHT,SIDESWIPE SAME DIRECTION,ONE-WAY,3,STRAIGHT AND LEVEL,UNKNOWN,UNKNOWN,NOT ON SCENE (DESK REPORT),NO INJURY / DRIVE AWAY,,,Y,"$501 - $1,500",11/2/2017 15:30,IMPROPER LANE USAGE,UNABLE TO DETERMINE,8758,S,LAFAYETTE AVE,634,,,,,,,2,NO INDICATION OF INJURY,0,0,0,0,0,2,0,15,4,11,41.73429744,-87.62552511,POINT (-87.625525110463 41.734297444367),1
JA494762,,11/1/2017 15:45,15,NO CONTROLS,NO CONTROLS,RAIN,"DARKNESS, LIGHTED ROAD",FIXED OBJECT,PARKING LOT,,STRAIGHT AND LEVEL,WET,NO DEFECTS,ON SCENE,NO INJURY / DRIVE AWAY,,Y,,"OVER $1,500",11/1/2017 16:40,UNABLE TO DETERMINE,NOT APPLICABLE,2756,W,63RD ST,825,,,,,,,1,NO INDICATION OF INJURY,0,0,0,0,0,1,0,15,4,11,41.77922786,-87.6932505,POINT (-87.693250496299 41.779227855754),1
JA494681,,11/1/2017 15:48,30,STOP SIGN/FLASHER,FUNCTIONING PROPERLY,RAIN,DAYLIGHT,ANGLE,NOT DIVIDED,2,STRAIGHT AND LEVEL,WET,NO DEFECTS,ON SCENE,INJURY AND / OR TOW DUE TO CRASH,Y,,,"OVER $1,500",11/1/2017 15:50,FAILING TO YIELD RIGHT-OF-WAY,FAILING TO YIELD RIGHT-OF-WAY,8600,S,DR MARTIN LUTHER KING JR DR,632,,Y,,,,,2,"REPORTED, NOT EVIDENT",1,0,0,0,1,1,0,15,4,11,41.73823713,-87.61471974,POINT (-87.614719741289 41.738237130412),1
JA494979,,11/1/2017 15:50,30,TRAFFIC SIGNAL,FUNCTIONING PROPERLY,CLEAR,DAYLIGHT,PEDESTRIAN,NOT DIVIDED,,STRAIGHT AND LEVEL,WET,NO DEFECTS,NOT ON SCENE (DESK REPORT),NO INJURY / DRIVE AWAY,,,Y,$500 OR LESS,11/1/2017 19:23,FAILING TO YIELD RIGHT-OF-WAY,FAILING TO REDUCE SPEED TO AVOID CRASH,1040,W,CHICAGO AVE,1213,,,,,,,2,NO INDICATION OF INJURY,0,0,0,0,0,2,0,15,4,11,41.89639401,-87.65420189,POINT (-87.654201888774 41.896394006096),1
JA495780,,11/1/2017 16:00,30,STOP SIGN/FLASHER,FUNCTIONING PROPERLY,RAIN,DAYLIGHT,REAR END,NOT DIVIDED,3,STRAIGHT AND LEVEL,WET,NO DEFECTS,NOT ON SCENE (DESK REPORT),NO INJURY / DRIVE AWAY,Y,,,"OVER $1,500",11/2/2017 12:02,WEATHER,EQUIPMENT - VEHICLE CONDITION,12254,S,HALSTED ST,524,Y,,,,,,2,NO INDICATION OF INJURY,0,0,0,0,0,3,0,16,4,11,41.67074055,-87.64181821,POINT (-87.641818208184 41.670740548498),1
JA494750,,11/1/2017 16:00,30,TRAFFIC SIGNAL,FUNCTIONING PROPERLY,RAIN,DAYLIGHT,REAR END,DIVIDED - W/MEDIAN (NOT RAISED),4,STRAIGHT AND LEVEL,WET,NO DEFECTS,NOT ON SCENE (DESK REPORT),NO INJURY / DRIVE AWAY,Y,,,$500 OR LESS,11/1/2017 17:00,UNABLE TO DETERMINE,NOT APPLICABLE,1239,W,CORTLAND ST,1811,,,,,,,2,NO INDICATION OF INJURY,0,0,0,0,0,2,0,16,4,11,41.91699356,-87.65981877,POINT (-87.659818764739 41.91699355812),1
JA494774,,11/1/2017 16:04,30,STOP SIGN/FLASHER,FUNCTIONING PROPERLY,RAIN,"DARKNESS, LIGHTED ROAD",REAR END,DIVIDED - W/MEDIAN (NOT RAISED),1,STRAIGHT AND LEVEL,WET,NO DEFECTS,ON SCENE,NO INJURY / DRIVE AWAY,,,,"$501 - $1,500",11/1/2017 16:04,WEATHER,EXCEEDING SAFE SPEED FOR CONDITIONS,901,S,CENTRAL PARK AVE,1133,,,,,,,2,NO INDICATION OF INJURY,0,0,0,0,0,2,0,16,4,11,41.86989332,-87.71538632,POINT (-87.715386323499 41.86989332096),1
JA494726,,11/1/2017 16:05,30,TRAFFIC SIGNAL,FUNCTIONING PROPERLY,RAIN,DAYLIGHT,REAR END,DIVIDED - W/MEDIAN BARRIER,2,STRAIGHT AND LEVEL,WET,NO DEFECTS,ON SCENE,INJURY AND / OR TOW DUE TO CRASH,,,,"OVER $1,500",11/1/2017 16:15,UNABLE TO DETERMINE,WEATHER,901,W,HARRISON ST,1232,,,,,,,2,NO INDICATION OF INJURY,0,0,0,0,0,2,0,16,4,11,41.87430456,-87.64936523,POINT (-87.649365231407 41.874304556786),1
JA494780,,11/1/2017 16:06,30,NO CONTROLS,NO CONTROLS,RAIN,"DARKNESS, LIGHTED ROAD",REAR END,NOT DIVIDED,2,STRAIGHT AND LEVEL,WET,NO DEFECTS,NOT ON SCENE (DESK REPORT),NO INJURY / DRIVE AWAY,,,,"$501 - $1,500",11/1/2017 17:15,FOLLOWING TOO CLOSELY,NOT APPLICABLE,1730,N,CLARK ST,1814,,,,,,,2,NO INDICATION OF INJURY,0,0,0,0,0,2,0,16,4,11,41.9138643,-87.63344132,POINT (-87.633441315152 41.913864298738),1
JA494776,,11/1/2017 16:08,30,TRAFFIC SIGNAL,FUNCTIONING PROPERLY,RAIN,DAYLIGHT,FIXED OBJECT,DIVIDED - W/MEDIAN BARRIER,,STRAIGHT AND LEVEL,WET,NO DEFECTS,ON SCENE,INJURY AND / OR TOW DUE TO CRASH,,,,"OVER $1,500",11/1/2017 17:13,EQUIPMENT - VEHICLE CONDITION,EQUIPMENT - VEHICLE CONDITION,480,E,LOWER WACKER DR,114,,,,,,,1,NO INDICATION OF INJURY,0,0,0,0,0,1,0,16,4,11,41.88748135,-87.6158676,POINT (-87.61586760009 41.887481347292),1
JA494715,,11/1/2017 16:10,30,TRAFFIC SIGNAL,FUNCTIONING PROPERLY,RAIN,DAYLIGHT,ANGLE,NOT DIVIDED,2,STRAIGHT AND LEVEL,WET,NO DEFECTS,NOT ON SCENE (DESK REPORT),NO INJURY / DRIVE AWAY,,,,"OVER $1,500",11/1/2017 16:30,FAILING TO YIELD RIGHT-OF-WAY,NOT APPLICABLE,5500,S,CALIFORNIA AVE,824,,,,,,,2,NO INDICATION OF INJURY,0,0,0,0,0,3,0,16,4,11,41.79359751,-87.69394205,POINT (-87.6939420481 41.793597512795),1
JA494756,,11/1/2017 16:14,30,TRAFFIC SIGNAL,FUNCTIONING PROPERLY,RAIN,DAYLIGHT,TURNING,DIVIDED - W/MEDIAN BARRIER,,STRAIGHT AND LEVEL,WET,UNKNOWN,NOT ON SCENE (DESK REPORT),NO INJURY / DRIVE AWAY,Y,,,"OVER $1,500",11/1/2017 16:55,WEATHER,DRIVING SKILLS/KNOWLEDGE/EXPERIENCE,500,W,ROOSEVELT RD,124,,,,,,,2,NO INDICATION OF INJURY,0,0,0,0,0,2,0,16,4,11,41.86736269,-87.6392932,POINT (-87.639293194642 41.867362692617),1
JA494772,,11/1/2017 16:15,30,TRAFFIC SIGNAL,FUNCTIONING PROPERLY,RAIN,DAWN,SIDESWIPE SAME DIRECTION,ONE-WAY,2,STRAIGHT AND LEVEL,WET,NO DEFECTS,NOT ON SCENE (DESK REPORT),NO INJURY / DRIVE AWAY,Y,,,"OVER $1,500",11/1/2017 17:10,UNABLE TO DETERMINE,NOT APPLICABLE,153,E,ERIE ST,1834,,,,,,,2,NO INDICATION OF INJURY,0,0,0,0,0,4,0,16,4,11,41.89404236,-87.62338516,POINT (-87.623385155458 41.894042358283),1
JA494794,,11/1/2017 16:15,30,NO CONTROLS,NO CONTROLS,CLEAR,DAYLIGHT,ANGLE,NOT DIVIDED,2,STRAIGHT AND LEVEL,DRY,NO DEFECTS,NOT ON SCENE (DESK REPORT),NO INJURY / DRIVE AWAY,,,,$500 OR LESS,11/1/2017 17:30,NOT APPLICABLE,NOT APPLICABLE,8600,S,KEDZIE AVE,834,,,,,,,2,NO INDICATION OF INJURY,0,0,0,0,0,2,0,16,4,11,41.73684747,-87.70219751,POINT (-87.702197506717 41.73684747423),1
JA494736,,11/1/2017 16:17,30,NO CONTROLS,NO CONTROLS,OTHER,DAYLIGHT,PEDESTRIAN,PARKING LOT,,STRAIGHT AND LEVEL,UNKNOWN,UNKNOWN,ON SCENE,INJURY AND / OR TOW DUE TO CRASH,,,,"OVER $1,500",11/1/2017 16:17,UNABLE TO DETERMINE,UNABLE TO DETERMINE,7345,S,STATE ST,323,,,,,,,3,INCAPACITATING INJURY,2,0,2,0,0,1,0,16,4,11,41.76054197,-87.62465906,POINT (-87.6246590645 41.760541965645),1
JA494716,,11/1/2017 16:20,30,NO CONTROLS,NO CONTROLS,RAIN,DAYLIGHT,PEDALCYCLIST,DIVIDED - W/MEDIAN (NOT RAISED),,STRAIGHT AND LEVEL,WET,NO DEFECTS,ON SCENE,INJURY AND / OR TOW DUE TO CRASH,,,,"OVER $1,500",11/1/2017 16:21,FAILING TO YIELD RIGHT-OF-WAY,IMPROPER OVERTAKING/PASSING,3310,W,OGDEN AVE,1021,,,,,,,2,INCAPACITATING INJURY,1,0,1,0,0,1,0,16,4,11,41.85705227,-87.70835415,POINT (-87.708354145718 41.857052270394),1
JA494733,,11/1/2017 16:20,35,NO CONTROLS,UNKNOWN,RAIN,DAYLIGHT,TURNING,NOT DIVIDED,,STRAIGHT AND LEVEL,WET,NO DEFECTS,ON SCENE,INJURY AND / OR TOW DUE TO CRASH,,,,"OVER $1,500",11/1/2017 16:40,FAILING TO YIELD RIGHT-OF-WAY,FAILING TO YIELD RIGHT-OF-WAY,8101,W,HIGGINS RD,1614,,,,,,,2,"REPORTED, NOT EVIDENT",1,0,0,0,1,2,0,16,4,11,41.98531807,-87.82981838,POINT (-87.82981837556 41.985318072504),1
JA504302,,11/1/2017 16:20,30,STOP SIGN/FLASHER,FUNCTIONING PROPERLY,CLEAR,DARKNESS,ANGLE,NOT DIVIDED,4,STRAIGHT AND LEVEL,DRY,NO DEFECTS,NOT ON SCENE (DESK REPORT),NO INJURY / DRIVE AWAY,Y,,,"OVER $1,500",11/8/2017 16:28,FAILING TO YIELD RIGHT-OF-WAY,DISREGARDING STOP SIGN,832,W,GRAND AVE,1214,,,,,,,2,NO INDICATION OF INJURY,0,0,0,0,0,2,0,16,4,11,41.89127925,-87.64885094,POINT (-87.648850938997 41.891279247529),1
JA494738,,11/1/2017 16:20,30,TRAFFIC SIGNAL,FUNCTIONING IMPROPERLY,RAIN,DAYLIGHT,PEDESTRIAN,NOT DIVIDED,4,STRAIGHT AND LEVEL,WET,NO DEFECTS,ON SCENE,INJURY AND / OR TOW DUE TO CRASH,Y,,,$500 OR LESS,11/1/2017 16:35,FAILING TO YIELD RIGHT-OF-WAY,WEATHER,1334,N,LAKE SHORE DR,1824,,,,,,,2,NONINCAPACITATING INJURY,1,0,0,1,0,1,0,16,4,11,41.90694628,-87.62570885,POINT (-87.625708851622 41.906946277283),1
JA494740,,11/1/2017 16:25,30,NO CONTROLS,NO CONTROLS,RAIN,DAYLIGHT,REAR END,NOT DIVIDED,4,STRAIGHT AND LEVEL,WET,UNKNOWN,NOT ON SCENE (DESK REPORT),NO INJURY / DRIVE AWAY,,,,"$501 - $1,500",11/1/2017 16:40,FOLLOWING TOO CLOSELY,UNABLE TO DETERMINE,5200,N,WESTERN AVE,2011,,,,,,,2,NO INDICATION OF INJURY,0,0,0,0,0,2,0,16,4,11,41.97593337,-87.68929959,POINT (-87.689299589182 41.975933371994),1
JA494745,N,11/1/2017 16:25,25,STOP SIGN/FLASHER,FUNCTIONING PROPERLY,RAIN,DUSK,ANGLE,DIVIDED - W/MEDIAN (NOT RAISED),4,STRAIGHT AND LEVEL,WET,NO DEFECTS,ON SCENE,INJURY AND / OR TOW DUE TO CRASH,Y,,,"OVER $1,500",11/1/2017 16:28,FAILING TO REDUCE SPEED TO AVOID CRASH,WEATHER,4600,W,WASHINGTON BLVD,1113,,Y,,,,,2,NO INDICATION OF INJURY,0,0,0,0,0,2,0,16,4,11,41.88198444,-87.74016301,POINT (-87.740163011434 41.881984434835),1
JA494743,,11/1/2017 16:25,30,UNKNOWN,UNKNOWN,RAIN,DAYLIGHT,TURNING,NOT DIVIDED,2,STRAIGHT AND LEVEL,WET,NO DEFECTS,ON SCENE,INJURY AND / OR TOW DUE TO CRASH,,,Y,"OVER $1,500",11/1/2017 16:28,IMPROPER TURNING/NO SIGNAL,UNABLE TO DETERMINE,3229,W,COLUMBUS AVE,835,,,,,,,2,NO INDICATION OF INJURY,0,0,0,0,0,3,0,16,4,11,41.74978921,-87.7033006,POINT (-87.703300602852 41.749789207895),1
JA494788,,11/1/2017 16:30,20,STOP SIGN/FLASHER,FUNCTIONING PROPERLY,RAIN,DAYLIGHT,ANGLE,NOT DIVIDED,,STRAIGHT AND LEVEL,WET,NO DEFECTS,NOT ON SCENE (DESK REPORT),NO INJURY / DRIVE AWAY,Y,,,"OVER $1,500",11/1/2017 17:00,FAILING TO YIELD RIGHT-OF-WAY,DISREGARDING STOP SIGN,1457,N,MAYFIELD AVE,2531,,,,,,,2,NO INDICATION OF INJURY,0,0,0,0,0,2,0,16,4,11,41.90732718,-87.77296479,POINT (-87.772964789688 41.907327178307),1
JA494943,,11/1/2017 16:30,30,STOP SIGN/FLASHER,FUNCTIONING PROPERLY,RAIN,DAYLIGHT,REAR END,NOT DIVIDED,6,STRAIGHT AND LEVEL,WET,NO DEFECTS,NOT ON SCENE (DESK REPORT),NO INJURY / DRIVE AWAY,,,Y,"OVER $1,500",11/1/2017 18:55,FOLLOWING TOO CLOSELY,NOT APPLICABLE,708,W,GARFIELD BLVD,935,,,,,,,3,NO INDICATION OF INJURY,0,0,0,0,0,3,0,16,4,11,41.79444772,-87.64315533,POINT (-87.643155333872 41.794447723539),1
JA494812,,11/1/2017 16:30,30,STOP SIGN/FLASHER,UNKNOWN,RAIN,DAYLIGHT,ANGLE,NOT DIVIDED,2,STRAIGHT AND LEVEL,WET,UNKNOWN,NOT ON SCENE (DESK REPORT),NO INJURY / DRIVE AWAY,Y,,,"OVER $1,500",11/1/2017 17:43,UNABLE TO DETERMINE,UNABLE TO DETERMINE,10701,S,PARNELL AVE,2233,,,,,,,2,NO INDICATION OF INJURY,0,0,0,0,0,2,0,16,4,11,41.69962289,-87.63641191,POINT (-87.636411912426 41.699622890513),1
JA496150,,11/1/2017 16:30,30,TRAFFIC SIGNAL,FUNCTIONING PROPERLY,RAIN,"DARKNESS, LIGHTED ROAD",REAR END,NOT DIVIDED,4,STRAIGHT AND LEVEL,WET,NO DEFECTS,NOT ON SCENE (DESK REPORT),INJURY AND / OR TOW DUE TO CRASH,Y,,,"$501 - $1,500",11/2/2017 16:00,FOLLOWING TOO CLOSELY,NOT APPLICABLE,401,W,DIVISION ST,1823,,,,,,,2,NONINCAPACITATING INJURY,1,0,0,1,0,1,0,16,4,11,41.90368327,-87.63836402,POINT (-87.638364022561 41.903683271256),1