RD_NO,CRASH_DATE_EST_I,CRASH_DATE,POSTED_SPEED_LIMIT,TRAFFIC_CONTROL_DEVICE,DEVICE_CONDITION,WEATHER_CONDITION,LIGHTING_CONDITION,FIRST_CRASH_TYPE,TRAFFICWAY_TYPE,LANE_CNT,ALIGNMENT,ROADWAY_SURFACE_COND,ROAD_DEFECT,REPORT_TYPE,CRASH_TYPE,INTERSECTION_RELATED_I,NOT_RIGHT_OF_WAY_I,HIT_AND_RUN_I,DAMAGE,DATE_POLICE_NOTIFIED,PRIM_CONTRIBUTORY_CAUSE,SEC_CONTRIBUTORY_CAUSE,STREET_NO,STREET_DIRECTION,STREET_NAME,BEAT_OF_OCCURRENCE,PHOTOS_TAKEN_I,STATEMENTS_TAKEN_I,DOORING_I,WORK_ZONE_I,WORK_ZONE_TYPE,WORKERS_PRESENT_I,NUM_UNITS,MOST_SEVERE_INJURY,INJURIES_TOTAL,INJURIES_FATAL,INJURIES_INCAPACITATING,INJURIES_NON_INCAPACITATING,INJURIES_REPORTED_NOT_EVIDENT,INJURIES_NO_INDICATION,INJURIES_UNKNOWN,CRASH_HOUR,CRASH_DAY_OF_WEEK,CRASH_MONTH,LATITUDE,LONGITUDE,LOCATION,Join
JA495285,,11/1/2017 22:45,30,TRAFFIC SIGNAL,FUNCTIONING PROPERLY,RAIN,"DARKNESS, LIGHTED ROAD",SIDESWIPE SAME DIRECTION,DIVIDED - W/MEDIAN (NOT RAISED),4,STRAIGHT AND LEVEL,WET,UNKNOWN,ON SCENE,NO INJURY / DRIVE AWAY,,,,$500 OR LESS,11/1/2017 22:50,FAILING TO YIELD RIGHT-OF-WAY,FAILING TO YIELD RIGHT-OF-WAY,4200,S,CICERO AVE,814,,,,,,,2,NO INDICATION OF INJURY,0,0,0,0,0,2,0,22,4,11,41.81672939,-87.74353671,POINT (-87.743536712476 41.816729386747),1
JA495277,,11/1/2017 22:46,30,NO CONTROLS,NO CONTROLS,CLEAR,"DARKNESS, LIGHTED ROAD",PARKED MOTOR VEHICLE,NOT DIVIDED,,STRAIGHT AND LEVEL,WET,NO DEFECTS,NOT ON SCENE (DESK REPORT),NO INJURY / DRIVE AWAY,,,Y,"OVER $1,500",11/1/2017 23:10,FAILING TO YIELD RIGHT-OF-WAY,NOT APPLICABLE,300,S,RIVERSIDE PLZ,121,,,,,,,2,NO INDICATION OF INJURY,0,0,0,0,0,1,0,22,4,11,41.87797514,-87.63842217,POINT (-87.638422171041 41.877975137969),1
JA495236,,11/1/2017 22:50,30,NO CONTROLS,NO CONTROLS,RAIN,"DARKNESS, LIGHTED ROAD",FIXED OBJECT,DIVIDED - W/MEDIAN (NOT RAISED),2,STRAIGHT ON GRADE,WET,NO DEFECTS,ON SCENE,INJURY AND / OR TOW DUE TO CRASH,,,,"OVER $1,500",11/1/2017 22:50,UNABLE TO DETERMINE,NOT APPLICABLE,4834,W,GRAND AVE,2533,,,,,,,1,NO INDICATION OF INJURY,0,0,0,0,0,2,0,22,4,11,41.9144465,-87.74736752,POINT (-87.747367517837 41.914446498093),1
JA495640,,11/1/2017 22:55,35,TRAFFIC SIGNAL,FUNCTIONING PROPERLY,RAIN,"DARKNESS, LIGHTED ROAD",HEAD ON,DIVIDED - W/MEDIAN (NOT RAISED),4,STRAIGHT AND LEVEL,WET,NO DEFECTS,NOT ON SCENE (DESK REPORT),NO INJURY / DRIVE AWAY,,,,"OVER $1,500",11/2/2017 10:40,DISREGARDING TRAFFIC SIGNALS,PHYSICAL CONDITION OF DRIVER,10200,S,WESTERN AVE,2211,,,,,,,2,NO INDICATION OF INJURY,0,0,0,0,0,2,0,22,4,11,41.70810544,-87.68182033,POINT (-87.681820330549 41.708105443915),1
JA495245,,11/1/2017 22:56,30,TRAFFIC SIGNAL,FUNCTIONING PROPERLY,RAIN,DARKNESS,PEDESTRIAN,NOT DIVIDED,4,STRAIGHT AND LEVEL,WET,NO DEFECTS,ON SCENE,INJURY AND / OR TOW DUE TO CRASH,,,,"OVER $1,500",11/1/2017 22:57,UNABLE TO DETERMINE,NOT APPLICABLE,7805,S,COTTAGE GROVE AVE,624,,,,,,,2,FATAL,1,1,0,0,0,1,0,22,4,11,41.75290612,-87.60509585,POINT (-87.605095850081 41.752906116482),1
JA495904,,11/1/2017 23:00,30,NO CONTROLS,NO CONTROLS,RAIN,DAYLIGHT,SIDESWIPE SAME DIRECTION,NOT DIVIDED,2,STRAIGHT AND LEVEL,WET,UNKNOWN,,NO INJURY / DRIVE AWAY,,,,"$501 - $1,500",11/2/2017 13:30,UNABLE TO DETERMINE,UNABLE TO DETERMINE,4100,S,CICERO AVE,814,,,,,,,2,NO INDICATION OF INJURY,0,0,0,0,0,2,0,23,4,11,41.8181781,-87.74361186,POINT (-87.743611856242 41.818178096923),1
JA494260,,11/1/2017 23:08,30,TRAFFIC SIGNAL,FUNCTIONING PROPERLY,RAIN,DARKNESS,SIDESWIPE SAME DIRECTION,NOT DIVIDED,2,STRAIGHT AND LEVEL,WET,NO DEFECTS,,INJURY AND / OR TOW DUE TO CRASH,Y,,,"OVER $1,500",11/1/2017 23:13,WEATHER,FAILING TO REDUCE SPEED TO AVOID CRASH,2,W,111TH ST,513,,Y,,,,,2,NO INDICATION OF INJURY,0,0,0,0,0,3,0,23,4,11,41.69269391,-87.62324146,POINT (-87.623241462789 41.692693911069),1
JA495267,,11/1/2017 23:19,30,NO CONTROLS,NO CONTROLS,RAIN,"DARKNESS, LIGHTED ROAD",PARKED MOTOR VEHICLE,NOT DIVIDED,2,STRAIGHT AND LEVEL,WET,NO DEFECTS,ON SCENE,NO INJURY / DRIVE AWAY,,,Y,"OVER $1,500",11/1/2017 23:19,UNABLE TO DETERMINE,UNABLE TO DETERMINE,3214,W,ARMITAGE AVE,1413,,,,,,,2,NO INDICATION OF INJURY,0,0,0,0,0,1,0,23,4,11,41.91750413,-87.70762033,POINT (-87.707620330166 41.917504134007),1
JA495300,,11/1/2017 23:20,30,NO CONTROLS,NO CONTROLS,RAIN,"DARKNESS, LIGHTED ROAD",PARKED MOTOR VEHICLE,DIVIDED - W/MEDIAN (NOT RAISED),,STRAIGHT AND LEVEL,WET,NO DEFECTS,NOT ON SCENE (DESK REPORT),NO INJURY / DRIVE AWAY,,,,"$501 - $1,500",11/2/2017 0:32,UNABLE TO DETERMINE,UNABLE TO DETERMINE,2366,W,OGDEN AVE,1233,,,,,,,2,NO INDICATION OF INJURY,0,0,0,0,0,1,0,23,4,11,41.86513343,-87.68575364,POINT (-87.685753639721 41.865133428939),1
JA497799,,11/1/2017 23:30,30,NO CONTROLS,NO CONTROLS,RAIN,"DARKNESS, LIGHTED ROAD",PARKED MOTOR VEHICLE,ONE-WAY,,STRAIGHT AND LEVEL,WET,NO DEFECTS,,NO INJURY / DRIVE AWAY,,,,"OVER $1,500",11/3/2017 19:20,WEATHER,NOT APPLICABLE,2440,N,KILBOURN AVE,2521,,,,,,,2,NO INDICATION OF INJURY,0,0,0,0,0,1,0,23,4,11,41.92566087,-87.739188,POINT (-87.739188001978 41.925660872981),1
JA495281,,11/1/2017 23:30,35,NO CONTROLS,NO CONTROLS,RAIN,"DARKNESS, LIGHTED ROAD",OTHER OBJECT,NOT DIVIDED,4,STRAIGHT AND LEVEL,WET,"RUT, HOLES",NOT ON SCENE (DESK REPORT),NO INJURY / DRIVE AWAY,,,,"$501 - $1,500",11/1/2017 23:50,ROAD ENGINEERING/SURFACE/MARKING DEFECTS,UNABLE TO DETERMINE,5129,S,ARCHER AVE,815,,,,N,,,1,NO INDICATION OF INJURY,0,0,0,0,0,1,0,23,4,11,41.80045419,-87.73075513,POINT (-87.730755125774 41.800454189825),1
JA495332,,11/2/2017 0:15,40,NO CONTROLS,NO CONTROLS,RAIN,"DARKNESS, LIGHTED ROAD",OTHER OBJECT,DIVIDED - W/MEDIAN BARRIER,,"CURVE, LEVEL",WET,NO DEFECTS,ON SCENE,INJURY AND / OR TOW DUE TO CRASH,,,,"OVER $1,500",11/2/2017 0:18,WEATHER,EXCEEDING SAFE SPEED FOR CONDITIONS,1000,N,LAKE SHORE DR SB,1824,,,,,,,1,NO INDICATION OF INJURY,0,0,0,0,0,2,0,0,5,11,41.90095892,-87.61992817,POINT (-87.619928173678 41.900958919109),1
JA495328,,11/2/2017 0:40,30,TRAFFIC SIGNAL,FUNCTIONING PROPERLY,RAIN,"DARKNESS, LIGHTED ROAD",SIDESWIPE SAME DIRECTION,DIVIDED - W/MEDIAN (NOT RAISED),4,STRAIGHT AND LEVEL,WET,NO DEFECTS,NOT ON SCENE (DESK REPORT),NO INJURY / DRIVE AWAY,,,,"OVER $1,500",11/2/2017 1:35,WEATHER,UNABLE TO DETERMINE,5498,W,DEVON AVE,1621,,,,,,,2,NO INDICATION OF INJURY,0,0,0,0,0,2,0,0,5,11,41.99745886,-87.76575419,POINT (-87.765754185813 41.99745885824),1
JA495317,,11/2/2017 0:57,20,NO CONTROLS,NO CONTROLS,RAIN,"DARKNESS, LIGHTED ROAD",PARKED MOTOR VEHICLE,ONE-WAY,1,STRAIGHT AND LEVEL,WET,NO DEFECTS,ON SCENE,INJURY AND / OR TOW DUE TO CRASH,,,,"$501 - $1,500",11/2/2017 0:58,UNABLE TO DETERMINE,NOT APPLICABLE,5427,S,SAYRE AVE,811,,,,,,,2,NO INDICATION OF INJURY,0,0,0,0,0,1,0,0,5,11,41.79318717,-87.79634207,POINT (-87.796342071804 41.793187169808),1
JA496569,,11/2/2017 1:00,10,NO CONTROLS,NO CONTROLS,CLEAR,DARKNESS,PARKED MOTOR VEHICLE,NOT DIVIDED,,STRAIGHT AND LEVEL,DRY,NO DEFECTS,NOT ON SCENE (DESK REPORT),NO INJURY / DRIVE AWAY,,,Y,"OVER $1,500",11/2/2017 21:06,UNABLE TO DETERMINE,UNABLE TO DETERMINE,6585,S,CAMPBELL AVE,832,,,,,,,2,NO INDICATION OF INJURY,0,0,0,0,0,1,0,1,5,11,41.77385323,-87.68578637,POINT (-87.685786372426 41.773853225829),1
JA498974,Y,11/2/2017 1:00,30,NO CONTROLS,NO CONTROLS,UNKNOWN,"DARKNESS, LIGHTED ROAD",PARKED MOTOR VEHICLE,NOT DIVIDED,2,STRAIGHT AND LEVEL,UNKNOWN,UNKNOWN,NOT ON SCENE (DESK REPORT),NO INJURY / DRIVE AWAY,,N,Y,"OVER $1,500",11/4/2017 18:00,UNABLE TO DETERMINE,UNABLE TO DETERMINE,4411,W,JACKSON BLVD,1131,,,,,,,2,NO INDICATION OF INJURY,0,0,0,0,0,1,0,1,5,11,41.87685003,-87.73584925,POINT (-87.735849247745 41.876850030306),1
JA495322,,11/2/2017 1:06,30,NO CONTROLS,NO CONTROLS,RAIN,"DARKNESS, LIGHTED ROAD",PARKED MOTOR VEHICLE,DIVIDED - W/MEDIAN (NOT RAISED),,STRAIGHT AND LEVEL,WET,NO DEFECTS,ON SCENE,NO INJURY / DRIVE AWAY,,,Y,"OVER $1,500",11/2/2017 1:06,"OPERATING VEHICLE IN ERRATIC, RECKLESS, CARELESS, NEGLIGENT OR AGGRESSIVE MANNER",NOT APPLICABLE,3613,W,LAWRENCE AVE,1723,,N,,,,,3,NO INDICATION OF INJURY,0,0,0,0,0,1,0,1,5,11,41.96823091,-87.71882158,POINT (-87.718821583015 41.968230906101),1
JA495354,Y,11/2/2017 1:45,30,NO CONTROLS,NOT FUNCTIONING,RAIN,"DARKNESS, LIGHTED ROAD",FIXED OBJECT,PARKING LOT,0,STRAIGHT AND LEVEL,WET,SHOULDER DEFECT,ON SCENE,NO INJURY / DRIVE AWAY,,Y,Y,"OVER $1,500",11/2/2017 1:53,HAD BEEN DRINKING (USE WHEN ARREST IS NOT MADE),NOT APPLICABLE,6901,S,WESTERN AVE,832,,,,,,,1,NO INDICATION OF INJURY,0,0,0,0,0,1,0,1,5,11,41.76824397,-87.6831938,POINT (-87.683193800933 41.768243971967),1
JA495344,,11/2/2017 2:00,35,UNKNOWN,UNKNOWN,RAIN,"DARKNESS, LIGHTED ROAD",FIXED OBJECT,DRIVEWAY,2,STRAIGHT AND LEVEL,WET,UNKNOWN,ON SCENE,NO INJURY / DRIVE AWAY,,,,"OVER $1,500",11/2/2017 2:15,NOT APPLICABLE,NOT APPLICABLE,6121,W,HIGGINS AVE,1622,,,,,,,1,NO INDICATION OF INJURY,0,0,0,0,0,1,0,2,5,11,41.97413549,-87.78158978,POINT (-87.78158977519 41.974135491754),1
JA495353,,11/2/2017 2:06,30,NO CONTROLS,NO CONTROLS,RAIN,"DARKNESS, LIGHTED ROAD",FIXED OBJECT,NOT DIVIDED,2,STRAIGHT AND LEVEL,WET,NO DEFECTS,ON SCENE,INJURY AND / OR TOW DUE TO CRASH,,,,"$501 - $1,500",11/2/2017 2:15,WEATHER,UNABLE TO DETERMINE,11000,S,KEDZIE AVE,2211,,,,,,,1,NO INDICATION OF INJURY,0,0,0,0,0,1,0,2,5,11,41.69329964,-87.70103488,POINT (-87.701034874831 41.693299638486),1
JA495357,,11/2/2017 2:46,30,NO CONTROLS,FUNCTIONING PROPERLY,RAIN,"DARKNESS, LIGHTED ROAD",REAR END,DIVIDED - W/MEDIAN BARRIER,,STRAIGHT AND LEVEL,WET,UNKNOWN,ON SCENE,INJURY AND / OR TOW DUE TO CRASH,,,Y,"OVER $1,500",11/2/2017 2:46,FAILING TO REDUCE SPEED TO AVOID CRASH,UNABLE TO DETERMINE,6815,S,DORCHESTER AVE,332,,,,,,,2,NO INDICATION OF INJURY,0,0,0,0,0,3,0,2,5,11,41.77100528,-87.59097127,POINT (-87.590971272861 41.771005283443),1
JA495591,,11/2/2017 3:00,30,NO CONTROLS,NO CONTROLS,CLEAR,"DARKNESS, LIGHTED ROAD",PARKED MOTOR VEHICLE,NOT DIVIDED,,STRAIGHT AND LEVEL,WET,NO DEFECTS,NOT ON SCENE (DESK REPORT),NO INJURY / DRIVE AWAY,,,Y,"OVER $1,500",11/2/2017 9:40,IMPROPER LANE USAGE,UNABLE TO DETERMINE,5749,N,ELSTON AVE,1622,,,,,,,2,NO INDICATION OF INJURY,0,0,0,0,0,1,0,3,5,11,41.98598537,-87.76993929,POINT (-87.76993929152 41.985985366605),1
JA496136,,11/2/2017 3:00,30,NO CONTROLS,NO CONTROLS,CLEAR,"DARKNESS, LIGHTED ROAD",PARKED MOTOR VEHICLE,NOT DIVIDED,2,STRAIGHT AND LEVEL,DRY,NO DEFECTS,NOT ON SCENE (DESK REPORT),NO INJURY / DRIVE AWAY,,,Y,"OVER $1,500",11/2/2017 16:23,UNABLE TO DETERMINE,NOT APPLICABLE,5427,N,ELSTON AVE,1621,,,,,,,2,NO INDICATION OF INJURY,0,0,0,0,0,1,0,3,5,11,41.98005921,-87.75934983,POINT (-87.759349832132 41.980059211102),1
JA495383,,11/2/2017 4:00,30,NO CONTROLS,NO CONTROLS,RAIN,"DARKNESS, LIGHTED ROAD",FIXED OBJECT,NOT DIVIDED,,STRAIGHT AND LEVEL,WET,NO DEFECTS,ON SCENE,INJURY AND / OR TOW DUE TO CRASH,,,Y,"OVER $1,500",11/2/2017 4:06,NOT APPLICABLE,NOT APPLICABLE,438,E,PERSHING RD,212,,,,,,,1,NO INDICATION OF INJURY,0,0,0,0,0,1,0,4,5,11,41.82396863,-87.61519099,POINT (-87.615190990846 41.823968633557),1
JA495381,,11/2/2017 4:37,30,STOP SIGN/FLASHER,FUNCTIONING PROPERLY,RAIN,"DARKNESS, LIGHTED ROAD",FIXED OBJECT,ONE-WAY,1,STRAIGHT AND LEVEL,WET,NO DEFECTS,ON SCENE,NO INJURY / DRIVE AWAY,Y,,Y,"OVER $1,500",11/2/2017 4:40,UNABLE TO DETERMINE,UNABLE TO DETERMINE,1256,N,CLEAVER ST,1433,,,,,,,1,NO INDICATION OF INJURY,0,0,0,0,0,1,0,4,5,11,41.90509878,-87.66402687,POINT (-87.664026872099 41.905098775296),1
JA495385,,11/2/2017 4:50,30,TRAFFIC SIGNAL,UNKNOWN,UNKNOWN,DARKNESS,REAR END,DIVIDED - W/MEDIAN (NOT RAISED),,STRAIGHT AND LEVEL,WET,UNKNOWN,ON SCENE,INJURY AND / OR TOW DUE TO CRASH,,,,"OVER $1,500",11/2/2017 5:05,FAILING TO REDUCE SPEED TO AVOID CRASH,NOT APPLICABLE,4339,S,KEDZIE AVE,922,,,,,,,2,NONINCAPACITATING INJURY,1,0,0,1,0,1,0,4,5,11,41.81418135,-87.70406676,POINT (-87.704066755562 41.814181351549),1
JA495206,Y,11/2/2017 5:00,25,NO CONTROLS,NO CONTROLS,UNKNOWN,UNKNOWN,PARKED MOTOR VEHICLE,ONE-WAY,,STRAIGHT AND LEVEL,UNKNOWN,NO DEFECTS,NOT ON SCENE (DESK REPORT),NO INJURY / DRIVE AWAY,,,,$500 OR LESS,11/2/2017 10:50,UNABLE TO DETERMINE,UNABLE TO DETERMINE,5349,N,SPAULDING AVE,1712,,,,,,,2,NO INDICATION OF INJURY,0,0,0,0,0,1,0,5,5,11,41.97901544,-87.71104795,POINT (-87.711047950835 41.979015438332),1
JA495389,,11/2/2017 5:05,35,NO CONTROLS,NO CONTROLS,RAIN,"DARKNESS, LIGHTED ROAD",SIDESWIPE SAME DIRECTION,NOT DIVIDED,,STRAIGHT AND LEVEL,WET,NO DEFECTS,ON SCENE,INJURY AND / OR TOW DUE TO CRASH,,,Y,"OVER $1,500",11/2/2017 5:15,IMPROPER TURNING/NO SIGNAL,NOT APPLICABLE,4650,S,WESTERN BLVD,922,,,,,,,2,NO INDICATION OF INJURY,0,0,0,0,0,3,0,5,5,11,41.80866078,-87.68402741,POINT (-87.684027413697 41.808660776258),1
JA495401,,11/2/2017 5:10,30,TRAFFIC SIGNAL,FUNCTIONING PROPERLY,RAIN,"DARKNESS, LIGHTED ROAD",ANGLE,NOT DIVIDED,2,STRAIGHT AND LEVEL,WET,NO DEFECTS,ON SCENE,INJURY AND / OR TOW DUE TO CRASH,Y,,,"OVER $1,500",11/2/2017 6:00,DISREGARDING TRAFFIC SIGNALS,UNABLE TO DETERMINE,5599,N,NAGLE AVE,1622,,,,,,,2,NO INDICATION OF INJURY,0,0,0,0,0,3,0,5,5,11,41.98288295,-87.78758816,POINT (-87.787588154962 41.982882946329),1
JA495387,Y,11/2/2017 5:10,35,NO CONTROLS,NO CONTROLS,RAIN,"DARKNESS, LIGHTED ROAD",PARKED MOTOR VEHICLE,NOT DIVIDED,2,STRAIGHT AND LEVEL,WET,NO DEFECTS,ON SCENE,NO INJURY / DRIVE AWAY,,,N,"OVER $1,500",11/2/2017 5:13,UNABLE TO DETERMINE,UNABLE TO DETERMINE,5319,N,WASHTENAW AVE,2011,,,,,,,2,NO INDICATION OF INJURY,0,0,0,0,0,1,0,5,5,11,41.9782773,-87.69641935,POINT (-87.696419346162 41.978277296761),1
JA496836,,11/2/2017 5:20,0,NO CONTROLS,NO CONTROLS,CLEAR,DAYLIGHT,SIDESWIPE SAME DIRECTION,NOT DIVIDED,4,STRAIGHT AND LEVEL,WET,NO DEFECTS,NOT ON SCENE (DESK REPORT),NO INJURY / DRIVE AWAY,,,,"$501 - $1,500",11/3/2017 6:15,IMPROPER LANE USAGE,UNABLE TO DETERMINE,10955,S,WESTERN AVE,2212,,,,,,,2,NO INDICATION OF INJURY,0,0,0,0,0,2,0,5,5,11,41.69404203,-87.68107899,POINT (-87.681078992843 41.694042033252),1
JA495391,,11/2/2017 5:30,35,TRAFFIC SIGNAL,FUNCTIONING PROPERLY,RAIN,"DARKNESS, LIGHTED ROAD",REAR END,NOT DIVIDED,6,STRAIGHT AND LEVEL,WET,NO DEFECTS,ON SCENE,NO INJURY / DRIVE AWAY,,,,"OVER $1,500",11/2/2017 5:35,FOLLOWING TOO CLOSELY,UNABLE TO DETERMINE,6109,S,CICERO AVE,813,,,,,,,2,NO INDICATION OF INJURY,0,0,0,0,0,2,0,5,5,11,41.78176784,-87.74225491,POINT (-87.742254912971 41.781767842396),1
JA495479,Y,11/2/2017 5:30,25,NO CONTROLS,NO CONTROLS,UNKNOWN,UNKNOWN,PARKED MOTOR VEHICLE,ONE-WAY,1,STRAIGHT AND LEVEL,UNKNOWN,NO DEFECTS,ON SCENE,NO INJURY / DRIVE AWAY,,,,"OVER $1,500",11/2/2017 7:35,UNABLE TO DETERMINE,UNABLE TO DETERMINE,9915,S,EMERALD AVE,2232,,,,,,,2,NO INDICATION OF INJURY,0,0,0,0,0,1,0,5,5,11,41.71373705,-87.64165365,POINT (-87.641653654102 41.713737053558),1
JA495394,,11/2/2017 5:42,30,TRAFFIC SIGNAL,FUNCTIONING PROPERLY,RAIN,DAWN,FIXED OBJECT,DIVIDED - W/MEDIAN (NOT RAISED),2,STRAIGHT AND LEVEL,WET,NO DEFECTS,ON SCENE,NO INJURY / DRIVE AWAY,,Y,Y,"$501 - $1,500",11/2/2017 5:42,EXCEEDING SAFE SPEED FOR CONDITIONS,UNABLE TO DETERMINE,2758,W,PETERSON AVE,2413,,,,,,,1,NO INDICATION OF INJURY,0,0,0,0,0,1,0,5,5,11,41.99055279,-87.69934264,POINT (-87.69934263843 41.990552785496),1
JA495400,,11/2/2017 5:45,30,STOP SIGN/FLASHER,FUNCTIONING IMPROPERLY,RAIN,"DARKNESS, LIGHTED ROAD",TURNING,DIVIDED - W/MEDIAN BARRIER,4,STRAIGHT AND LEVEL,WET,NO DEFECTS,ON SCENE,INJURY AND / OR TOW DUE TO CRASH,Y,,,"OVER $1,500",11/2/2017 5:45,FAILING TO REDUCE SPEED TO AVOID CRASH,NOT APPLICABLE,942,E,130TH ST,532,,,,,,,2,INCAPACITATING INJURY,1,0,1,0,0,1,0,5,5,11,41.65938246,-87.59944536,POINT (-87.599445361166 41.659382454916),1
JA495410,Y,11/2/2017 6:00,30,NO CONTROLS,NO CONTROLS,RAIN,DARKNESS,PARKED MOTOR VEHICLE,DIVIDED - W/MEDIAN (NOT RAISED),,STRAIGHT AND LEVEL,WET,NO DEFECTS,ON SCENE,NO INJURY / DRIVE AWAY,,,Y,"$501 - $1,500",11/2/2017 6:10,UNABLE TO DETERMINE,NOT APPLICABLE,3444,W,MARQUETTE RD,831,,,,,,,3,NO INDICATION OF INJURY,0,0,0,0,0,1,0,6,5,11,41.77167901,-87.70959248,POINT (-87.709592484251 41.771679007399),1
JA495408,,11/2/2017 6:05,30,TRAFFIC SIGNAL,FUNCTIONING PROPERLY,RAIN,"DARKNESS, LIGHTED ROAD",REAR END,ONE-WAY,2,STRAIGHT AND LEVEL,WET,NO DEFECTS,ON SCENE,NO INJURY / DRIVE AWAY,Y,,,"OVER $1,500",11/2/2017 6:09,FOLLOWING TOO CLOSELY,FAILING TO REDUCE SPEED TO AVOID CRASH,1921,S,RUBLE ST,1235,,,,,,,2,NO INDICATION OF INJURY,0,0,0,0,0,2,0,6,5,11,41.85604923,-87.64343475,POINT (-87.643434749983 41.856049226857),1
JA495423,,11/2/2017 6:08,30,NO CONTROLS,NO CONTROLS,RAIN,DUSK,SIDESWIPE OPPOSITE DIRECTION,DIVIDED - W/MEDIAN (NOT RAISED),4,STRAIGHT AND LEVEL,WET,NO DEFECTS,NOT ON SCENE (DESK REPORT),INJURY AND / OR TOW DUE TO CRASH,,,Y,"OVER $1,500",11/2/2017 6:13,IMPROPER LANE USAGE,IMPROPER LANE USAGE,7736,N,SHERIDAN RD,2422,,,,,,,2,NO INDICATION OF INJURY,0,0,0,0,0,2,0,6,5,11,42.02231243,-87.66698019,POINT (-87.666980188891 42.022312424809),1
JA495439,,11/2/2017 6:12,30,TRAFFIC SIGNAL,FUNCTIONING PROPERLY,CLEAR,DAYLIGHT,REAR END,DIVIDED - W/MEDIAN (NOT RAISED),,STRAIGHT AND LEVEL,WET,NO DEFECTS,NOT ON SCENE (DESK REPORT),NO INJURY / DRIVE AWAY,,,,"OVER $1,500",11/2/2017 7:15,FOLLOWING TOO CLOSELY,NOT APPLICABLE,10400,W,IRVING PARK RD,1654,,,,,,,2,NO INDICATION OF INJURY,0,0,0,0,0,2,0,6,5,11,41.95845314,-87.88809194,POINT (-87.888091943217 41.958453137187),1
JA495412,,11/2/2017 6:15,35,TRAFFIC SIGNAL,FUNCTIONING PROPERLY,RAIN,"DARKNESS, LIGHTED ROAD",TURNING,NOT DIVIDED,4,STRAIGHT AND LEVEL,WET,SHOULDER DEFECT,ON SCENE,INJURY AND / OR TOW DUE TO CRASH,,,,"OVER $1,500",11/2/2017 6:18,FAILING TO YIELD RIGHT-OF-WAY,IMPROPER TURNING/NO SIGNAL,10700,S,KEDZIE AVE,2211,,,,,,,2,NO INDICATION OF INJURY,0,0,0,0,0,2,0,6,5,11,41.69877702,-87.70122561,POINT (-87.701225608923 41.698777022064),1
JA495420,,11/2/2017 6:20,30,STOP SIGN/FLASHER,FUNCTIONING PROPERLY,RAIN,DARKNESS,ANGLE,DIVIDED - W/MEDIAN (NOT RAISED),,STRAIGHT AND LEVEL,WET,NO DEFECTS,ON SCENE,NO INJURY / DRIVE AWAY,Y,,,"OVER $1,500",11/2/2017 6:25,DISREGARDING STOP SIGN,UNABLE TO DETERMINE,2101,S,HOYNE AVE,1234,,,,,,,2,NO INDICATION OF INJURY,0,0,0,0,0,2,0,6,5,11,41.85393278,-87.67819597,POINT (-87.678195969254 41.853932779333),1
JA495413,,11/2/2017 6:25,30,STOP SIGN/FLASHER,FUNCTIONING PROPERLY,RAIN,"DARKNESS, LIGHTED ROAD",TURNING,DIVIDED - W/MEDIAN (NOT RAISED),,STRAIGHT AND LEVEL,WET,NO DEFECTS,ON SCENE,INJURY AND / OR TOW DUE TO CRASH,Y,,,"OVER $1,500",11/2/2017 6:28,FAILING TO YIELD RIGHT-OF-WAY,"VISION OBSCURED (SIGNS, TREE LIMBS, BUILDINGS, ETC.)",4700,S,LAWNDALE AVE,821,,,,,,,2,NO INDICATION OF INJURY,0,0,0,0,0,6,0,6,5,11,41.80790245,-87.71637597,POINT (-87.716375968062 41.807902449705),1
JA495491,,11/2/2017 6:30,30,NO CONTROLS,NO CONTROLS,CLEAR,DAYLIGHT,PARKED MOTOR VEHICLE,NOT DIVIDED,2,STRAIGHT AND LEVEL,WET,NO DEFECTS,ON SCENE,INJURY AND / OR TOW DUE TO CRASH,,,Y,"OVER $1,500",11/2/2017 7:30,UNABLE TO DETERMINE,NOT APPLICABLE,7055,N,HIAWATHA AVE,1621,,,,,,,3,NO INDICATION OF INJURY,0,0,0,0,0,1,0,6,5,11,42.00924417,-87.77954094,POINT (-87.779540941242 42.009244168151),1
JA495512,,11/2/2017 6:30,30,TRAFFIC SIGNAL,FUNCTIONING PROPERLY,CLOUDY/OVERCAST,"DARKNESS, LIGHTED ROAD",SIDESWIPE SAME DIRECTION,DIVIDED - W/MEDIAN (NOT RAISED),5,STRAIGHT AND LEVEL,WET,NO DEFECTS,NOT ON SCENE (DESK REPORT),NO INJURY / DRIVE AWAY,,,Y,"$501 - $1,500",11/2/2017 8:15,UNABLE TO DETERMINE,UNABLE TO DETERMINE,800,N,CICERO AVE,1531,,,,,,,2,NO INDICATION OF INJURY,0,0,0,0,0,2,0,6,5,11,41.89504904,-87.74595552,POINT (-87.745955516269 41.895049037964),1