RD_NO,CRASH_DATE_EST_I,CRASH_DATE,POSTED_SPEED_LIMIT,TRAFFIC_CONTROL_DEVICE,DEVICE_CONDITION,WEATHER_CONDITION,LIGHTING_CONDITION,FIRST_CRASH_TYPE,TRAFFICWAY_TYPE,LANE_CNT,ALIGNMENT,ROADWAY_SURFACE_COND,ROAD_DEFECT,REPORT_TYPE,CRASH_TYPE,INTERSECTION_RELATED_I,NOT_RIGHT_OF_WAY_I,HIT_AND_RUN_I,DAMAGE,DATE_POLICE_NOTIFIED,PRIM_CONTRIBUTORY_CAUSE,SEC_CONTRIBUTORY_CAUSE,STREET_NO,STREET_DIRECTION,STREET_NAME,BEAT_OF_OCCURRENCE,PHOTOS_TAKEN_I,STATEMENTS_TAKEN_I,DOORING_I,WORK_ZONE_I,WORK_ZONE_TYPE,WORKERS_PRESENT_I,NUM_UNITS,MOST_SEVERE_INJURY,INJURIES_TOTAL,INJURIES_FATAL,INJURIES_INCAPACITATING,INJURIES_NON_INCAPACITATING,INJURIES_REPORTED_NOT_EVIDENT,INJURIES_NO_INDICATION,INJURIES_UNKNOWN,CRASH_HOUR,CRASH_DAY_OF_WEEK,CRASH_MONTH,LATITUDE,LONGITUDE,LOCATION,Join
JA495665,,11/2/2017 10:20,30,TRAFFIC SIGNAL,FUNCTIONING PROPERLY,CLEAR,DAYLIGHT,ANGLE,OTHER,3,STRAIGHT ON HILLCREST,WET,WORN SURFACE,ON SCENE,INJURY AND / OR TOW DUE TO CRASH,Y,,,"OVER $1,500",11/2/2017 10:35,ROAD CONSTRUCTION/MAINTENANCE,NOT APPLICABLE,11500,S,MARSHFIELD AVE,2234,,,,Y,CONSTRUCTION,Y,2,NO INDICATION OF INJURY,0,0,0,0,0,2,0,10,5,11,41.68470876,-87.66285576,POINT (-87.662855757575 41.684708762863),1
JA495723,,11/2/2017 10:25,30,TRAFFIC SIGNAL,FUNCTIONING PROPERLY,CLOUDY/OVERCAST,DAYLIGHT,SIDESWIPE SAME DIRECTION,NOT DIVIDED,2,STRAIGHT AND LEVEL,DRY,NO DEFECTS,NOT ON SCENE (DESK REPORT),NO INJURY / DRIVE AWAY,Y,,,"OVER $1,500",11/2/2017 10:40,UNABLE TO DETERMINE,UNABLE TO DETERMINE,2001,W,HARRISON ST,1225,,,,,,,2,NO INDICATION OF INJURY,0,0,0,0,0,2,0,10,5,11,41.87393175,-87.67651165,POINT (-87.676511651553 41.873931753618),1
JA495679,,11/2/2017 10:30,30,TRAFFIC SIGNAL,FUNCTIONING PROPERLY,CLOUDY/OVERCAST,DAYLIGHT,REAR END,NOT DIVIDED,4,STRAIGHT AND LEVEL,DRY,NO DEFECTS,NOT ON SCENE (DESK REPORT),NO INJURY / DRIVE AWAY,Y,,,"OVER $1,500",11/2/2017 11:06,IMPROPER OVERTAKING/PASSING,DRIVING SKILLS/KNOWLEDGE/EXPERIENCE,1601,W,DIVERSEY PKWY,1931,,,,,,,2,NO INDICATION OF INJURY,0,0,0,0,0,2,0,10,5,11,41.93229306,-87.66845257,POINT (-87.668452571378 41.932293057228),1
JA495657,,11/2/2017 10:30,30,TRAFFIC SIGNAL,FUNCTIONING PROPERLY,CLEAR,DAYLIGHT,REAR END,DIVIDED - W/MEDIAN (NOT RAISED),4,STRAIGHT AND LEVEL,WET,NO DEFECTS,NOT ON SCENE (DESK REPORT),NO INJURY / DRIVE AWAY,,,,"$501 - $1,500",11/2/2017 10:47,FOLLOWING TOO CLOSELY,UNABLE TO DETERMINE,3800,W,OGDEN AVE,1014,,,,,,,2,NO INDICATION OF INJURY,0,0,0,0,0,3,0,10,5,11,41.85295257,-87.72000846,POINT (-87.720008461242 41.852952570147),1
JA495706,,11/2/2017 10:30,30,TRAFFIC SIGNAL,FUNCTIONING PROPERLY,CLEAR,DAYLIGHT,SIDESWIPE SAME DIRECTION,ONE-WAY,,STRAIGHT AND LEVEL,WET,NO DEFECTS,NOT ON SCENE (DESK REPORT),NO INJURY / DRIVE AWAY,,,,"OVER $1,500",11/2/2017 11:26,NOT APPLICABLE,NOT APPLICABLE,150,N,JEFFERSON ST,121,,,,,,,2,NO INDICATION OF INJURY,0,0,0,0,0,3,0,10,5,11,41.88462153,-87.64288558,POINT (-87.642885583026 41.884621527834),1
JA495593,,11/2/2017 10:35,30,TRAFFIC SIGNAL,FUNCTIONING PROPERLY,CLOUDY/OVERCAST,DAYLIGHT,TURNING,DIVIDED - W/MEDIAN BARRIER,2,STRAIGHT AND LEVEL,DRY,NO DEFECTS,NOT ON SCENE (DESK REPORT),NO INJURY / DRIVE AWAY,Y,,,"OVER $1,500",11/2/2017 11:00,IMPROPER LANE USAGE,NOT APPLICABLE,300,S,MICHIGAN AVE,113,,,,,,,2,NO INDICATION OF INJURY,0,0,0,0,0,2,0,10,5,11,41.87821735,-87.62445584,POINT (-87.624455840297 41.878217345311),1
JA495650,,11/2/2017 10:35,30,NO CONTROLS,NO CONTROLS,CLOUDY/OVERCAST,DAYLIGHT,PARKED MOTOR VEHICLE,ONE-WAY,2,STRAIGHT AND LEVEL,WET,NO DEFECTS,ON SCENE,NO INJURY / DRIVE AWAY,,,,$500 OR LESS,11/2/2017 10:40,IMPROPER LANE USAGE,IMPROPER OVERTAKING/PASSING,220,S,CLINTON ST,121,,,,,,,2,NO INDICATION OF INJURY,0,0,0,0,0,1,0,10,5,11,41.8786885,-87.64124112,POINT (-87.641241121207 41.878688499939),1
JA495898,Y,11/2/2017 10:35,30,NO CONTROLS,NO CONTROLS,CLEAR,DAYLIGHT,PARKED MOTOR VEHICLE,ONE-WAY,,STRAIGHT AND LEVEL,DRY,NO DEFECTS,NOT ON SCENE (DESK REPORT),NO INJURY / DRIVE AWAY,,,Y,"OVER $1,500",11/2/2017 13:20,UNABLE TO DETERMINE,UNABLE TO DETERMINE,1200,W,ELMDALE AVE,2433,,,,,,,2,NO INDICATION OF INJURY,0,0,0,0,0,1,0,10,5,11,41.99102554,-87.66036003,POINT (-87.660360029798 41.991025539536),1
JA495760,,11/2/2017 10:36,15,NO CONTROLS,NO CONTROLS,CLOUDY/OVERCAST,DAYLIGHT,PARKED MOTOR VEHICLE,ONE-WAY,1,STRAIGHT AND LEVEL,UNKNOWN,NO DEFECTS,NOT ON SCENE (DESK REPORT),NO INJURY / DRIVE AWAY,,,Y,"OVER $1,500",11/2/2017 11:50,UNABLE TO DETERMINE,UNABLE TO DETERMINE,8136,S,ELIZABETH ST,613,,,,,,,2,NO INDICATION OF INJURY,0,0,0,0,0,1,0,10,5,11,41.74572937,-87.65496913,POINT (-87.654969131136 41.745729364942),1
JA495676,,11/2/2017 10:40,15,NO CONTROLS,NO CONTROLS,CLEAR,DAYLIGHT,HEAD ON,PARKING LOT,,STRAIGHT AND LEVEL,WET,NO DEFECTS,ON SCENE,NO INJURY / DRIVE AWAY,,Y,,"OVER $1,500",11/2/2017 10:44,IMPROPER BACKING,NOT APPLICABLE,10633,S,WESTERN AVE,2212,,,,,,,2,NO INDICATION OF INJURY,0,0,0,0,0,2,0,10,5,11,41.69991014,-87.68126757,POINT (-87.681267567371 41.699910143372),1
JA495991,,11/2/2017 10:45,25,NO CONTROLS,NO CONTROLS,RAIN,DAYLIGHT,REAR END,DIVIDED - W/MEDIAN (NOT RAISED),4,STRAIGHT AND LEVEL,WET,NO DEFECTS,NOT ON SCENE (DESK REPORT),NO INJURY / DRIVE AWAY,,,,"$501 - $1,500",11/2/2017 14:31,UNABLE TO DETERMINE,UNABLE TO DETERMINE,5900,S,WESTERN AVE,824,,,,,,,2,NO INDICATION OF INJURY,0,0,0,0,0,2,0,10,5,11,41.78643718,-87.68397525,POINT (-87.683975246481 41.786437174774),1
JA495694,,11/2/2017 10:45,30,NO CONTROLS,NO CONTROLS,CLEAR,DAYLIGHT,SIDESWIPE SAME DIRECTION,NOT DIVIDED,2,STRAIGHT AND LEVEL,WET,NO DEFECTS,NOT ON SCENE (DESK REPORT),NO INJURY / DRIVE AWAY,,,Y,"$501 - $1,500",11/2/2017 11:16,UNABLE TO DETERMINE,UNABLE TO DETERMINE,5207,N,CLARK ST,2013,,,,,,,2,NO INDICATION OF INJURY,0,0,0,0,0,2,0,10,5,11,41.97643833,-87.66826979,POINT (-87.668269791011 41.976438329997),1
JA497410,,11/2/2017 10:51,30,NO CONTROLS,NO CONTROLS,CLEAR,DAYLIGHT,PARKED MOTOR VEHICLE,NOT DIVIDED,2,STRAIGHT AND LEVEL,DRY,NO DEFECTS,,NO INJURY / DRIVE AWAY,,,Y,"$501 - $1,500",11/3/2017 15:20,UNABLE TO DETERMINE,NOT APPLICABLE,834,S,MILLER ST,1232,,,,,,,2,NO INDICATION OF INJURY,0,0,0,0,0,1,0,10,5,11,41.87086562,-87.6524029,POINT (-87.652402894725 41.870865617654),1
JA495730,,11/2/2017 11:00,25,NO CONTROLS,NO CONTROLS,CLEAR,DAYLIGHT,SIDESWIPE SAME DIRECTION,ONE-WAY,,STRAIGHT AND LEVEL,DRY,NO DEFECTS,NOT ON SCENE (DESK REPORT),NO INJURY / DRIVE AWAY,,,,"$501 - $1,500",11/2/2017 11:30,FAILING TO YIELD RIGHT-OF-WAY,UNABLE TO DETERMINE,119,W,RANDOLPH ST,122,,,,,,,2,NO INDICATION OF INJURY,0,0,0,0,0,3,0,11,5,11,41.88436535,-87.63151547,POINT (-87.631515473867 41.88436535429),1
JA495703,,11/2/2017 11:00,30,TRAFFIC SIGNAL,UNKNOWN,CLOUDY/OVERCAST,DAYLIGHT,TURNING,DIVIDED - W/MEDIAN (NOT RAISED),4,STRAIGHT AND LEVEL,WET,UNKNOWN,ON SCENE,INJURY AND / OR TOW DUE TO CRASH,Y,,,"OVER $1,500",11/2/2017 11:15,UNABLE TO DETERMINE,UNABLE TO DETERMINE,6958,W,ARCHER AVE,811,,,,,,,2,NONINCAPACITATING INJURY,2,0,0,2,0,0,0,11,5,11,41.7921739,-87.79640063,POINT (-87.79640062832 41.792173895184),1
JA495713,,11/2/2017 11:00,30,NO CONTROLS,NO CONTROLS,CLOUDY/OVERCAST,DAYLIGHT,FIXED OBJECT,ALLEY,,STRAIGHT AND LEVEL,WET,NO DEFECTS,ON SCENE,NO INJURY / DRIVE AWAY,,Y,,$500 OR LESS,11/2/2017 11:05,IMPROPER BACKING,IMPROPER BACKING,1116,W,95TH ST,2222,,,,,,,1,NO INDICATION OF INJURY,0,0,0,0,0,1,0,11,5,11,41.72146826,-87.65140837,POINT (-87.651408372391 41.721468260646),1
JA495705,,11/2/2017 11:01,25,NO CONTROLS,NO CONTROLS,RAIN,DAYLIGHT,PARKED MOTOR VEHICLE,ONE-WAY,1,STRAIGHT AND LEVEL,WET,WORN SURFACE,ON SCENE,NO INJURY / DRIVE AWAY,,,,"OVER $1,500",11/2/2017 11:01,DRIVING SKILLS/KNOWLEDGE/EXPERIENCE,NOT APPLICABLE,6402,S,JUSTINE ST,725,,,,,,,3,NO INDICATION OF INJURY,0,0,0,0,0,1,0,11,5,11,41.7775228,-87.66308132,POINT (-87.663081323932 41.777522798609),1
JA495697,,11/2/2017 11:06,30,NO CONTROLS,NO CONTROLS,RAIN,DUSK,REAR END,NOT DIVIDED,,STRAIGHT AND LEVEL,WET,NO DEFECTS,ON SCENE,NO INJURY / DRIVE AWAY,,,,"OVER $1,500",11/2/2017 11:10,IMPROPER BACKING,IMPROPER BACKING,1031,E,103RD ST,512,,,,,,,2,NO INDICATION OF INJURY,0,0,0,0,0,2,0,11,5,11,41.70746752,-87.59826599,POINT (-87.598265986413 41.70746751861),1
JA495700,,11/2/2017 11:08,30,TRAFFIC SIGNAL,FUNCTIONING PROPERLY,CLOUDY/OVERCAST,DAYLIGHT,SIDESWIPE SAME DIRECTION,ONE-WAY,2,STRAIGHT AND LEVEL,WET,NO DEFECTS,ON SCENE,NO INJURY / DRIVE AWAY,Y,,,"OVER $1,500",11/2/2017 11:08,IMPROPER OVERTAKING/PASSING,FAILING TO REDUCE SPEED TO AVOID CRASH,3369,W,CONGRESS PKWY,1134,,,,,,,2,NO INDICATION OF INJURY,0,0,0,0,0,2,0,11,5,11,41.87443478,-87.71076508,POINT (-87.710765075441 41.874434778336),1
JA495704,,11/2/2017 11:10,30,NO CONTROLS,NO CONTROLS,CLEAR,DAYLIGHT,ANGLE,OTHER,,STRAIGHT AND LEVEL,DRY,NO DEFECTS,,INJURY AND / OR TOW DUE TO CRASH,,,,"OVER $1,500",11/2/2017 11:12,FAILING TO YIELD RIGHT-OF-WAY,NOT APPLICABLE,3136,W,NORTH AVE,1421,,,,,,,2,NONINCAPACITATING INJURY,1,0,0,1,0,1,0,11,5,11,41.91023236,-87.70597968,POINT (-87.705979683976 41.910232360946),1
JA495775,,11/2/2017 11:30,30,TRAFFIC SIGNAL,UNKNOWN,CLEAR,DAYLIGHT,SIDESWIPE SAME DIRECTION,DIVIDED - W/MEDIAN (NOT RAISED),4,STRAIGHT AND LEVEL,DRY,NO DEFECTS,ON SCENE,NO INJURY / DRIVE AWAY,,,Y,"OVER $1,500",11/2/2017 11:47,IMPROPER OVERTAKING/PASSING,UNABLE TO DETERMINE,2911,N,CALIFORNIA AVE,1411,,,,,,,2,NO INDICATION OF INJURY,0,0,0,0,0,2,0,11,5,11,41.93422707,-87.69753551,POINT (-87.697535511048 41.934227073428),1
JA495751,,11/2/2017 11:30,40,TRAFFIC SIGNAL,FUNCTIONING PROPERLY,CLOUDY/OVERCAST,DAYLIGHT,REAR END,DIVIDED - W/MEDIAN BARRIER,,STRAIGHT AND LEVEL,WET,NO DEFECTS,ON SCENE,NO INJURY / DRIVE AWAY,,,,$500 OR LESS,11/2/2017 11:35,FOLLOWING TOO CLOSELY,NOT APPLICABLE,300,S,LAKE SHORE DR NB,114,,,,,,,2,NO INDICATION OF INJURY,0,0,0,0,0,3,0,11,5,11,41.87831319,-87.61734583,POINT (-87.617345829451 41.878313193163),1
JA495906,,11/2/2017 11:30,30,YIELD,FUNCTIONING PROPERLY,CLEAR,DAYLIGHT,REAR END,DIVIDED - W/MEDIAN (NOT RAISED),2,STRAIGHT AND LEVEL,DRY,NO DEFECTS,,NO INJURY / DRIVE AWAY,,,,"$501 - $1,500",11/2/2017 13:20,FOLLOWING TOO CLOSELY,FAILING TO REDUCE SPEED TO AVOID CRASH,4453,N,ASHLAND AVE,1912,,,,,,,2,NO INDICATION OF INJURY,0,0,0,0,0,2,0,11,5,11,41.96315562,-87.66914947,POINT (-87.669149468577 41.963155624305),1
JA495748,,11/2/2017 11:40,35,TRAFFIC SIGNAL,FUNCTIONING PROPERLY,CLEAR,DAYLIGHT,TURNING,DIVIDED - W/MEDIAN (NOT RAISED),,STRAIGHT AND LEVEL,WET,NO DEFECTS,ON SCENE,NO INJURY / DRIVE AWAY,,,,"$501 - $1,500",11/2/2017 11:42,IMPROPER TURNING/NO SIGNAL,NOT APPLICABLE,6858,S,PULASKI RD,833,,Y,,,,,2,NO INDICATION OF INJURY,0,0,0,0,0,3,0,11,5,11,41.76777896,-87.72263315,POINT (-87.722633149647 41.767778961915),1
JA495803,,11/2/2017 11:40,5,NO CONTROLS,NO CONTROLS,CLOUDY/OVERCAST,DAYLIGHT,PARKED MOTOR VEHICLE,OTHER,,STRAIGHT AND LEVEL,DRY,NO DEFECTS,NOT ON SCENE (DESK REPORT),NO INJURY / DRIVE AWAY,,Y,Y,$500 OR LESS,11/2/2017 12:05,UNABLE TO DETERMINE,NOT APPLICABLE,5458,S,WELLS ST,935,,,,,,,2,NO INDICATION OF INJURY,0,0,0,0,0,1,0,11,5,11,41.79456007,-87.63192848,POINT (-87.631928474832 41.794560070768),1
JA495788,,11/2/2017 11:43,30,TRAFFIC SIGNAL,FUNCTIONING PROPERLY,CLEAR,DAYLIGHT,REAR END,DIVIDED - W/MEDIAN BARRIER,,STRAIGHT AND LEVEL,DRY,NO DEFECTS,ON SCENE,INJURY AND / OR TOW DUE TO CRASH,Y,,Y,$500 OR LESS,11/2/2017 12:08,FAILING TO YIELD RIGHT-OF-WAY,NOT APPLICABLE,777,N,MICHIGAN AVE,1833,,,,,,,2,NO INDICATION OF INJURY,0,0,0,0,0,2,0,11,5,11,41.89669019,-87.62410215,POINT (-87.624102154031 41.896690186648),1
JA495789,,11/2/2017 11:45,30,NO CONTROLS,NO CONTROLS,CLOUDY/OVERCAST,DAYLIGHT,SIDESWIPE SAME DIRECTION,DIVIDED - W/MEDIAN (NOT RAISED),,STRAIGHT AND LEVEL,DRY,NO DEFECTS,NOT ON SCENE (DESK REPORT),NO INJURY / DRIVE AWAY,,,Y,"$501 - $1,500",11/2/2017 12:10,UNABLE TO DETERMINE,UNABLE TO DETERMINE,2901,N,CALIFORNIA AVE,1411,,,,,,,2,NO INDICATION OF INJURY,0,0,0,0,0,2,0,11,5,11,41.93396779,-87.69752474,POINT (-87.697524743465 41.933967790709),1
JA495768,,11/2/2017 11:45,30,STOP SIGN/FLASHER,FUNCTIONING PROPERLY,CLEAR,DAYLIGHT,TURNING,NOT DIVIDED,2,STRAIGHT AND LEVEL,DRY,NO DEFECTS,NOT ON SCENE (DESK REPORT),NO INJURY / DRIVE AWAY,,,Y,"OVER $1,500",11/2/2017 12:10,FAILING TO YIELD RIGHT-OF-WAY,UNABLE TO DETERMINE,2823,W,LAWRENCE AVE,1911,,,,,,,2,NO INDICATION OF INJURY,0,0,0,0,0,2,0,11,5,11,41.96841572,-87.69971172,POINT (-87.699711720691 41.968415719601),1
JA495756,,11/2/2017 11:50,30,NO CONTROLS,NO CONTROLS,CLEAR,DAYLIGHT,SIDESWIPE SAME DIRECTION,DIVIDED - W/MEDIAN (NOT RAISED),3,STRAIGHT AND LEVEL,DRY,NO DEFECTS,ON SCENE,NO INJURY / DRIVE AWAY,,,,"OVER $1,500",11/2/2017 12:00,FAILING TO YIELD RIGHT-OF-WAY,NOT APPLICABLE,2425,S,STATE ST,131,,,,,,,2,NO INDICATION OF INJURY,0,0,0,0,0,3,0,11,5,11,41.84851501,-87.62683322,POINT (-87.626833215229 41.848515009546),1
JA495772,,11/2/2017 11:50,30,STOP SIGN/FLASHER,FUNCTIONING PROPERLY,CLEAR,DAYLIGHT,ANGLE,NOT DIVIDED,2,STRAIGHT AND LEVEL,DRY,NO DEFECTS,NOT ON SCENE (DESK REPORT),NO INJURY / DRIVE AWAY,Y,,,"OVER $1,500",11/2/2017 12:10,FAILING TO YIELD RIGHT-OF-WAY,NOT APPLICABLE,3132,N,DAMEN AVE,1931,,,,,,,2,NO INDICATION OF INJURY,0,0,0,0,0,2,0,11,5,11,41.93870307,-87.67847621,POINT (-87.678476204772 41.938703069972),1
JA495799,,11/2/2017 11:55,30,NO CONTROLS,NO CONTROLS,CLOUDY/OVERCAST,DAYLIGHT,PARKED MOTOR VEHICLE,OTHER,1,STRAIGHT AND LEVEL,DRY,NO DEFECTS,ON SCENE,NO INJURY / DRIVE AWAY,,N,,"OVER $1,500",11/2/2017 11:58,DISTRACTION - FROM INSIDE VEHICLE,FAILING TO REDUCE SPEED TO AVOID CRASH,1160,W,VAN BUREN ST,1232,,,,,,,2,NO INDICATION OF INJURY,0,0,0,0,0,2,0,11,5,11,41.87662967,-87.65697486,POINT (-87.65697486226 41.876629672389),1
JA495752,,11/2/2017 12:00,20,NO CONTROLS,NO CONTROLS,CLEAR,DAYLIGHT,PARKED MOTOR VEHICLE,NOT DIVIDED,2,STRAIGHT AND LEVEL,DRY,NO DEFECTS,ON SCENE,NO INJURY / DRIVE AWAY,,,,"$501 - $1,500",11/2/2017 12:00,DRIVING SKILLS/KNOWLEDGE/EXPERIENCE,UNABLE TO DETERMINE,6965,N,PAULINA ST,2431,,,,,,,2,NO INDICATION OF INJURY,0,0,0,0,0,1,0,12,5,11,42.00849606,-87.67207551,POINT (-87.672075509984 42.008496062634),1
JA495855,,11/2/2017 12:00,0,NO CONTROLS,NO CONTROLS,CLOUDY/OVERCAST,DAYLIGHT,PARKED MOTOR VEHICLE,PARKING LOT,0,STRAIGHT AND LEVEL,DRY,NO DEFECTS,ON SCENE,NO INJURY / DRIVE AWAY,,Y,,"OVER $1,500",11/2/2017 12:57,UNABLE TO DETERMINE,UNABLE TO DETERMINE,4451,W,WRIGHTWOOD AVE,2524,,,,,,,2,NO INDICATION OF INJURY,0,0,0,0,0,1,0,12,5,11,41.92818607,-87.73870962,POINT (-87.7387096179 41.928186071639),1
JA495782,,11/2/2017 12:00,25,TRAFFIC SIGNAL,FUNCTIONING PROPERLY,CLOUDY/OVERCAST,DAYLIGHT,PARKED MOTOR VEHICLE,ONE-WAY,1,STRAIGHT AND LEVEL,WET,NO DEFECTS,ON SCENE,NO INJURY / DRIVE AWAY,Y,,,"$501 - $1,500",11/2/2017 12:10,UNABLE TO DETERMINE,NOT APPLICABLE,5604,W,FULTON ST,1512,,,,,,,2,NO INDICATION OF INJURY,0,0,0,0,0,1,0,12,5,11,41.88582482,-87.76530781,POINT (-87.765307810667 41.885824823697),1
JA498605,,11/2/2017 12:00,30,NO CONTROLS,NO CONTROLS,CLOUDY/OVERCAST,DAYLIGHT,REAR END,DIVIDED - W/MEDIAN (NOT RAISED),4,STRAIGHT AND LEVEL,WET,NO DEFECTS,NOT ON SCENE (DESK REPORT),NO INJURY / DRIVE AWAY,,,,"$501 - $1,500",11/4/2017 13:00,FOLLOWING TOO CLOSELY,NOT APPLICABLE,5757,N,SHERIDAN RD,2022,,,,,,,2,NO INDICATION OF INJURY,0,0,0,0,0,2,0,12,5,11,41.98721328,-87.65515073,POINT (-87.65515073432 41.987213278868),1
JA495796,,11/2/2017 12:07,30,STOP SIGN/FLASHER,FUNCTIONING PROPERLY,CLOUDY/OVERCAST,DAYLIGHT,ANGLE,NOT DIVIDED,4,STRAIGHT AND LEVEL,WET,NO DEFECTS,ON SCENE,INJURY AND / OR TOW DUE TO CRASH,,,,"OVER $1,500",11/2/2017 12:10,FAILING TO YIELD RIGHT-OF-WAY,UNABLE TO DETERMINE,5343,S,ARCHER AVE,815,,,,,,,2,NONINCAPACITATING INJURY,1,0,0,1,0,1,0,12,5,11,41.79875531,-87.74160928,POINT (-87.741609283733 41.79875530942),1
JA495903,,11/2/2017 12:15,30,TRAFFIC SIGNAL,FUNCTIONING PROPERLY,CLEAR,DAYLIGHT,REAR END,NOT DIVIDED,,STRAIGHT AND LEVEL,WET,NO DEFECTS,NOT ON SCENE (DESK REPORT),NO INJURY / DRIVE AWAY,Y,,,$500 OR LESS,11/2/2017 13:30,UNABLE TO DETERMINE,NOT APPLICABLE,1201,N,PULASKI RD,2535,,,,,,,2,NO INDICATION OF INJURY,0,0,0,0,0,4,0,12,5,11,41.90271984,-87.7261577,POINT (-87.726157700806 41.902719841211),1
JA495847,,11/2/2017 12:20,30,NO CONTROLS,NO CONTROLS,CLEAR,DARKNESS,SIDESWIPE SAME DIRECTION,NOT DIVIDED,2,"CURVE, LEVEL",DRY,NO DEFECTS,NOT ON SCENE (DESK REPORT),INJURY AND / OR TOW DUE TO CRASH,,,Y,"OVER $1,500",11/2/2017 12:25,IMPROPER OVERTAKING/PASSING,NOT APPLICABLE,77,E,WALTON ST,1833,,,,,,,2,NO INDICATION OF INJURY,0,0,0,0,0,2,0,12,5,11,41.89987553,-87.62545554,POINT (-87.6254555423 41.899875530773),1
JA495890,,11/2/2017 12:20,30,NO CONTROLS,NO CONTROLS,RAIN,UNKNOWN,PARKED MOTOR VEHICLE,DIVIDED - W/MEDIAN (NOT RAISED),2,STRAIGHT AND LEVEL,WET,NO DEFECTS,ON SCENE,INJURY AND / OR TOW DUE TO CRASH,,,Y,$500 OR LESS,11/2/2017 13:01,DRIVING SKILLS/KNOWLEDGE/EXPERIENCE,NOT APPLICABLE,1553,N,MILWAUKEE AVE,1424,,,,,,,3,"REPORTED, NOT EVIDENT",1,0,0,0,1,1,0,12,5,11,41.90981714,-87.67636402,POINT (-87.67636401582 41.909817140442),1
JA495839,,11/2/2017 12:25,35,TRAFFIC SIGNAL,FUNCTIONING PROPERLY,CLEAR,DAYLIGHT,REAR END,DIVIDED - W/MEDIAN (NOT RAISED),,STRAIGHT AND LEVEL,WET,NO DEFECTS,ON SCENE,NO INJURY / DRIVE AWAY,,,Y,"OVER $1,500",11/2/2017 12:32,FOLLOWING TOO CLOSELY,NOT APPLICABLE,7358,S,WESTERN AVE,835,,Y,,,,,2,NO INDICATION OF INJURY,0,0,0,0,0,3,0,12,5,11,41.75932011,-87.68325242,POINT (-87.683252414791 41.759320112881),1
JA495854,,11/2/2017 12:30,30,TRAFFIC SIGNAL,FUNCTIONING PROPERLY,CLEAR,DAYLIGHT,SIDESWIPE SAME DIRECTION,ONE-WAY,2,STRAIGHT AND LEVEL,DRY,NO DEFECTS,NOT ON SCENE (DESK REPORT),NO INJURY / DRIVE AWAY,Y,,Y,$500 OR LESS,11/2/2017 13:00,FAILING TO YIELD RIGHT-OF-WAY,NOT APPLICABLE,100,E,WALTON ST,1833,,,,,,,2,NO INDICATION OF INJURY,0,0,0,0,0,2,0,12,5,11,41.90009663,-87.62535934,POINT (-87.625359340701 41.900096625177),1
JA511543,,11/2/2017 12:30,30,NO CONTROLS,NO CONTROLS,CLEAR,DAYLIGHT,PARKED MOTOR VEHICLE,PARKING LOT,,STRAIGHT AND LEVEL,DRY,NO DEFECTS,NOT ON SCENE (DESK REPORT),NO INJURY / DRIVE AWAY,,,Y,"OVER $1,500",11/14/2017 14:30,FOLLOWING TOO CLOSELY,NOT APPLICABLE,16,E,95TH ST,634,,,,,,,2,NO INDICATION OF INJURY,0,0,0,0,0,1,0,12,5,11,41.72184468,-87.62306052,POINT (-87.623060519567 41.721844676144),1
JA495858,,11/2/2017 12:35,30,NO CONTROLS,NO CONTROLS,RAIN,DAYLIGHT,PARKED MOTOR VEHICLE,DIVIDED - W/MEDIAN BARRIER,,STRAIGHT AND LEVEL,WET,NO DEFECTS,ON SCENE,NO INJURY / DRIVE AWAY,,,,"$501 - $1,500",11/2/2017 12:43,WEATHER,NOT APPLICABLE,4131,W,CERMAK RD,1013,,,,,,,3,NO INDICATION OF INJURY,0,0,0,0,0,1,0,12,5,11,41.85138167,-87.72839009,POINT (-87.728390093792 41.851381674187),1
JA495870,,11/2/2017 12:45,25,NO CONTROLS,NO CONTROLS,CLEAR,DAYLIGHT,PARKED MOTOR VEHICLE,NOT DIVIDED,2,STRAIGHT AND LEVEL,DRY,NO DEFECTS,ON SCENE,NO INJURY / DRIVE AWAY,,,,$500 OR LESS,11/2/2017 12:59,DRIVING SKILLS/KNOWLEDGE/EXPERIENCE,UNABLE TO DETERMINE,1000,N,KOLMAR AVE,1111,,,,,,,2,NO INDICATION OF INJURY,0,0,0,0,0,1,0,12,5,11,41.89884275,-87.73994737,POINT (-87.739947368426 41.898842746921),1