RD_NO,CRASH_DATE_EST_I,CRASH_DATE,POSTED_SPEED_LIMIT,TRAFFIC_CONTROL_DEVICE,DEVICE_CONDITION,WEATHER_CONDITION,LIGHTING_CONDITION,FIRST_CRASH_TYPE,TRAFFICWAY_TYPE,LANE_CNT,ALIGNMENT,ROADWAY_SURFACE_COND,ROAD_DEFECT,REPORT_TYPE,CRASH_TYPE,INTERSECTION_RELATED_I,NOT_RIGHT_OF_WAY_I,HIT_AND_RUN_I,DAMAGE,DATE_POLICE_NOTIFIED,PRIM_CONTRIBUTORY_CAUSE,SEC_CONTRIBUTORY_CAUSE,STREET_NO,STREET_DIRECTION,STREET_NAME,BEAT_OF_OCCURRENCE,PHOTOS_TAKEN_I,STATEMENTS_TAKEN_I,DOORING_I,WORK_ZONE_I,WORK_ZONE_TYPE,WORKERS_PRESENT_I,NUM_UNITS,MOST_SEVERE_INJURY,INJURIES_TOTAL,INJURIES_FATAL,INJURIES_INCAPACITATING,INJURIES_NON_INCAPACITATING,INJURIES_REPORTED_NOT_EVIDENT,INJURIES_NO_INDICATION,INJURIES_UNKNOWN,CRASH_HOUR,CRASH_DAY_OF_WEEK,CRASH_MONTH,LATITUDE,LONGITUDE,LOCATION,Join
JA495876,,11/2/2017 12:45,30,NO CONTROLS,NO CONTROLS,CLEAR,DAYLIGHT,TURNING,DIVIDED - W/MEDIAN (NOT RAISED),4,STRAIGHT AND LEVEL,DRY,NO DEFECTS,ON SCENE,NO INJURY / DRIVE AWAY,Y,,,"$501 - $1,500",11/2/2017 13:00,IMPROPER BACKING,FAILING TO YIELD RIGHT-OF-WAY,328,W,35TH ST,915,,,,,,,2,NO INDICATION OF INJURY,0,0,0,0,0,2,0,12,5,11,41.83100594,-87.63509305,POINT (-87.635093046922 41.831005941898),1
JA495851,,11/2/2017 12:48,35,STOP SIGN/FLASHER,FUNCTIONING PROPERLY,CLOUDY/OVERCAST,DAYLIGHT,ANGLE,ONE-WAY,3,STRAIGHT AND LEVEL,WET,NO DEFECTS,ON SCENE,INJURY AND / OR TOW DUE TO CRASH,Y,,,"OVER $1,500",11/2/2017 12:59,PHYSICAL CONDITION OF DRIVER,FAILING TO REDUCE SPEED TO AVOID CRASH,5500,S,PRAIRIE AVE,231,,,,,,,2,NONINCAPACITATING INJURY,2,0,0,2,0,1,0,12,5,11,41.79439209,-87.61936262,POINT (-87.619362622546 41.794392085533),1
JA495871,,11/2/2017 12:52,30,NO CONTROLS,NO CONTROLS,CLOUDY/OVERCAST,DAYLIGHT,PEDESTRIAN,DIVIDED - W/MEDIAN (NOT RAISED),2,STRAIGHT AND LEVEL,UNKNOWN,UNKNOWN,ON SCENE,INJURY AND / OR TOW DUE TO CRASH,,,,"$501 - $1,500",11/2/2017 12:54,IMPROPER BACKING,NOT APPLICABLE,2416,W,DEVON AVE,2412,,,,,,,2,NONINCAPACITATING INJURY,1,0,0,1,0,1,0,12,5,11,41.99782545,-87.69062259,POINT (-87.690622592489 41.997825446944),1
JA495971,,11/2/2017 12:55,30,NO CONTROLS,FUNCTIONING PROPERLY,RAIN,DAYLIGHT,SIDESWIPE SAME DIRECTION,NOT DIVIDED,2,STRAIGHT AND LEVEL,WET,OTHER,ON SCENE,INJURY AND / OR TOW DUE TO CRASH,,,,"OVER $1,500",11/2/2017 13:54,DRIVING SKILLS/KNOWLEDGE/EXPERIENCE,DRIVING SKILLS/KNOWLEDGE/EXPERIENCE,815,N,CENTRAL AVE,1524,,,,,,,2,"REPORTED, NOT EVIDENT",1,0,0,0,1,1,0,12,5,11,41.89538082,-87.76526703,POINT (-87.76526703216 41.895380816775),1
JA497018,Y,11/2/2017 13:00,30,NO CONTROLS,NO CONTROLS,CLEAR,DAYLIGHT,ANGLE,NOT DIVIDED,,STRAIGHT AND LEVEL,DRY,NO DEFECTS,ON SCENE,INJURY AND / OR TOW DUE TO CRASH,,,Y,"$501 - $1,500",11/3/2017 11:00,FAILING TO YIELD RIGHT-OF-WAY,UNABLE TO DETERMINE,4600,W,WASHINGTON BLVD,1113,,,,,,,2,"REPORTED, NOT EVIDENT",1,0,0,0,1,1,0,13,5,11,41.88198444,-87.74016301,POINT (-87.740163011434 41.881984434835),1
JA495878,,11/2/2017 13:00,0,NO CONTROLS,NO CONTROLS,CLEAR,DAYLIGHT,REAR END,DIVIDED - W/MEDIAN (NOT RAISED),2,STRAIGHT AND LEVEL,DRY,NO DEFECTS,NOT ON SCENE (DESK REPORT),NO INJURY / DRIVE AWAY,,,Y,"OVER $1,500",11/2/2017 13:01,IMPROPER BACKING,NOT APPLICABLE,8455,S,COMMERCIAL AVE,424,,,,,,,2,NO INDICATION OF INJURY,0,0,0,0,0,2,0,13,5,11,41.74197333,-87.55137148,POINT (-87.551371477085 41.741973332658),1
JA495907,,11/2/2017 13:05,30,TRAFFIC SIGNAL,FUNCTIONING PROPERLY,CLEAR,DAYLIGHT,REAR END,DIVIDED - W/MEDIAN (NOT RAISED),2,STRAIGHT AND LEVEL,DRY,UNKNOWN,NOT ON SCENE (DESK REPORT),NO INJURY / DRIVE AWAY,Y,,,"$501 - $1,500",11/2/2017 13:15,DISTRACTION - FROM INSIDE VEHICLE,UNABLE TO DETERMINE,800,W,79TH ST,621,,,,,,,2,NO INDICATION OF INJURY,0,0,0,0,0,2,0,13,5,11,41.75075116,-87.64410779,POINT (-87.644107793009 41.750751157473),1
JA495915,,11/2/2017 13:06,0,STOP SIGN/FLASHER,FUNCTIONING PROPERLY,RAIN,DAYLIGHT,ANGLE,NOT DIVIDED,2,STRAIGHT AND LEVEL,WET,NO DEFECTS,NOT ON SCENE (DESK REPORT),INJURY AND / OR TOW DUE TO CRASH,Y,,,"$501 - $1,500",11/2/2017 13:08,UNABLE TO DETERMINE,UNABLE TO DETERMINE,4501,W,JACKSON BLVD,1131,,,,,,,2,"REPORTED, NOT EVIDENT",1,0,0,0,1,1,0,13,5,11,41.87682608,-87.73788153,POINT (-87.73788153234 41.876826075795),1
JA496299,,11/2/2017 13:15,30,NO CONTROLS,NO CONTROLS,CLEAR,DAYLIGHT,REAR END,PARKING LOT,,STRAIGHT AND LEVEL,WET,NO DEFECTS,NOT ON SCENE (DESK REPORT),NO INJURY / DRIVE AWAY,,,,"OVER $1,500",11/2/2017 17:40,DISTRACTION - FROM INSIDE VEHICLE,NOT APPLICABLE,1200,S,WESTERN AVE,1023,,,,,,,2,NO INDICATION OF INJURY,0,0,0,0,0,3,0,13,5,11,41.86655006,-87.68618329,POINT (-87.686183289643 41.866550063499),1
JA495933,,11/2/2017 13:25,35,STOP SIGN/FLASHER,FUNCTIONING PROPERLY,RAIN,DAYLIGHT,ANGLE,NOT DIVIDED,,STRAIGHT AND LEVEL,WET,NO DEFECTS,ON SCENE,INJURY AND / OR TOW DUE TO CRASH,,,,"OVER $1,500",11/2/2017 13:37,FAILING TO YIELD RIGHT-OF-WAY,NOT APPLICABLE,9300,S,SOUTH CHICAGO AVE,424,,,,,,,2,NO INDICATION OF INJURY,0,0,0,0,0,2,0,13,5,11,41.72626026,-87.55072459,POINT (-87.550724586828 41.726260258806),1
JA496027,Y,11/2/2017 13:30,20,NO CONTROLS,NO CONTROLS,CLEAR,DAYLIGHT,PARKED MOTOR VEHICLE,DIVIDED - W/MEDIAN (NOT RAISED),2,STRAIGHT AND LEVEL,WET,NO DEFECTS,ON SCENE,INJURY AND / OR TOW DUE TO CRASH,,,Y,"OVER $1,500",11/2/2017 14:32,UNABLE TO DETERMINE,UNABLE TO DETERMINE,2755,W,25TH ST,1034,,,,,,,2,NO INDICATION OF INJURY,0,0,0,0,0,1,0,13,5,11,41.84634449,-87.69498689,POINT (-87.694986888568 41.846344488077),1
JA495946,,11/2/2017 13:30,30,NO CONTROLS,NO CONTROLS,CLEAR,DAYLIGHT,ANGLE,PARKING LOT,1,STRAIGHT AND LEVEL,DRY,NO DEFECTS,NOT ON SCENE (DESK REPORT),NO INJURY / DRIVE AWAY,,,,$500 OR LESS,11/2/2017 13:57,IMPROPER BACKING,NOT APPLICABLE,2460,S,KEDZIE AVE,1024,,,,,,,2,NO INDICATION OF INJURY,0,0,0,0,0,2,0,13,5,11,41.84642261,-87.70524355,POINT (-87.705243547291 41.846422605153),1
JA496386,,11/2/2017 13:30,30,NO CONTROLS,NO CONTROLS,CLEAR,DAYLIGHT,ANGLE,PARKING LOT,0,STRAIGHT AND LEVEL,DRY,NO DEFECTS,NOT ON SCENE (DESK REPORT),NO INJURY / DRIVE AWAY,,,,"OVER $1,500",11/2/2017 18:58,IMPROPER BACKING,NOT APPLICABLE,2416,S,PULASKI RD,1013,,,,,,,2,NO INDICATION OF INJURY,0,0,0,0,0,3,0,13,5,11,41.84731425,-87.7247881,POINT (-87.724788102913 41.847314245326),1
JA495937,,11/2/2017 13:30,30,TRAFFIC SIGNAL,FUNCTIONING PROPERLY,CLOUDY/OVERCAST,DAYLIGHT,REAR END,DIVIDED - W/MEDIAN (NOT RAISED),,STRAIGHT AND LEVEL,DRY,NO DEFECTS,ON SCENE,NO INJURY / DRIVE AWAY,,,,"$501 - $1,500",11/2/2017 13:35,FOLLOWING TOO CLOSELY,NOT APPLICABLE,1600,E,75TH ST,324,,,,,,,2,NO INDICATION OF INJURY,0,0,0,0,0,2,0,13,5,11,41.75887774,-87.58568244,POINT (-87.585682440932 41.758877741252),1
JA495956,,11/2/2017 13:30,0,NO CONTROLS,NO CONTROLS,RAIN,DAYLIGHT,REAR END,NOT DIVIDED,,STRAIGHT AND LEVEL,WET,NO DEFECTS,NOT ON SCENE (DESK REPORT),NO INJURY / DRIVE AWAY,,,,"OVER $1,500",11/2/2017 13:50,FOLLOWING TOO CLOSELY,UNABLE TO DETERMINE,301,W,76TH ST,623,,,,,,,2,NO INDICATION OF INJURY,0,0,0,0,0,2,0,13,5,11,41.75617764,-87.63227656,POINT (-87.632276559321 41.756177643017),1
JA495940,,11/2/2017 13:30,30,NO CONTROLS,NO CONTROLS,RAIN,DAYLIGHT,SIDESWIPE SAME DIRECTION,ONE-WAY,3,STRAIGHT AND LEVEL,WET,NO DEFECTS,ON SCENE,NO INJURY / DRIVE AWAY,,,,$500 OR LESS,11/2/2017 13:45,IMPROPER LANE USAGE,NOT APPLICABLE,131,S,DEARBORN ST,112,,,,,,,2,NO INDICATION OF INJURY,0,0,0,0,0,2,0,13,5,11,41.87988544,-87.6292116,POINT (-87.629211594803 41.879885440301),1
JA495922,,11/2/2017 13:30,20,NO CONTROLS,NO CONTROLS,RAIN,DAYLIGHT,FIXED OBJECT,ALLEY,,STRAIGHT AND LEVEL,WET,NO DEFECTS,ON SCENE,NO INJURY / DRIVE AWAY,,Y,Y,"OVER $1,500",11/2/2017 13:36,UNABLE TO DETERMINE,NOT APPLICABLE,7112,S,CLAREMONT AVE,832,,Y,,,,,1,NO INDICATION OF INJURY,0,0,0,0,0,1,0,13,5,11,41.7642885,-87.68205525,POINT (-87.682055250086 41.764288502957),1
JA495917,,11/2/2017 13:31,30,TRAFFIC SIGNAL,FUNCTIONING PROPERLY,RAIN,DAYLIGHT,TURNING,NOT DIVIDED,,CURVE ON GRADE,WET,SHOULDER DEFECT,ON SCENE,INJURY AND / OR TOW DUE TO CRASH,Y,,,"OVER $1,500",11/2/2017 13:31,FAILING TO YIELD RIGHT-OF-WAY,WEATHER,4700,W,59TH ST,813,,,,,,,2,NONINCAPACITATING INJURY,1,0,0,1,0,3,0,13,5,11,41.78438569,-87.74006595,POINT (-87.740065945952 41.784385693962),1
JA496257,,11/2/2017 13:35,30,NO CONTROLS,NO CONTROLS,RAIN,DAYLIGHT,PARKED MOTOR VEHICLE,NOT DIVIDED,1,STRAIGHT AND LEVEL,WET,NO DEFECTS,NOT ON SCENE (DESK REPORT),NO INJURY / DRIVE AWAY,,,,"$501 - $1,500",11/2/2017 17:30,UNABLE TO DETERMINE,UNABLE TO DETERMINE,6184,N,INDIAN RD,1611,,,,,,,2,NO INDICATION OF INJURY,0,0,0,0,0,1,0,13,5,11,41.9934806,-87.77727712,POINT (-87.777277114929 41.99348060127),1
JA496135,,11/2/2017 13:36,35,TRAFFIC SIGNAL,UNKNOWN,RAIN,DAYLIGHT,TURNING,UNKNOWN,,STRAIGHT AND LEVEL,WET,UNKNOWN,ON SCENE,INJURY AND / OR TOW DUE TO CRASH,Y,,,$500 OR LESS,11/2/2017 13:36,UNABLE TO DETERMINE,UNABLE TO DETERMINE,1657,N,PULASKI RD,2535,,,,,,,2,"REPORTED, NOT EVIDENT",2,0,0,0,2,2,0,13,5,11,41.91156189,-87.72623889,POINT (-87.726238894325 41.911561889584),1
JA496050,,11/2/2017 13:41,30,NO CONTROLS,NO CONTROLS,RAIN,DAYLIGHT,OTHER OBJECT,NOT DIVIDED,,STRAIGHT AND LEVEL,WET,NO DEFECTS,ON SCENE,NO INJURY / DRIVE AWAY,,,,"OVER $1,500",11/2/2017 13:50,UNABLE TO DETERMINE,NOT APPLICABLE,1748,W,WEBSTER AVE,1432,,,,,,,1,NO INDICATION OF INJURY,0,0,0,0,0,1,0,13,5,11,41.92159785,-87.67223525,POINT (-87.672235253327 41.921597852798),1
JA495983,,11/2/2017 13:44,30,TRAFFIC SIGNAL,FUNCTIONING PROPERLY,RAIN,DAYLIGHT,SIDESWIPE SAME DIRECTION,DIVIDED - W/MEDIAN (NOT RAISED),,STRAIGHT AND LEVEL,WET,NO DEFECTS,ON SCENE,NO INJURY / DRIVE AWAY,,,,"OVER $1,500",11/2/2017 13:55,UNABLE TO DETERMINE,UNABLE TO DETERMINE,400,W,ADAMS ST,121,,,,,,,2,NO INDICATION OF INJURY,0,0,0,0,0,2,0,13,5,11,41.8794442,-87.63814233,POINT (-87.638142325039 41.879444203925),1
JA495982,,11/2/2017 13:45,10,NO CONTROLS,NO CONTROLS,CLEAR,DAYLIGHT,REAR END,PARKING LOT,1,STRAIGHT AND LEVEL,DRY,NO DEFECTS,NOT ON SCENE (DESK REPORT),NO INJURY / DRIVE AWAY,,Y,,"$501 - $1,500",11/2/2017 14:00,FOLLOWING TOO CLOSELY,NOT APPLICABLE,238,W,DIVISION ST,1821,,,,,,,2,NO INDICATION OF INJURY,0,0,0,0,0,2,0,13,5,11,41.90393761,-87.6362147,POINT (-87.636214700165 41.903937604633),1
JA495969,,11/2/2017 13:48,30,TRAFFIC SIGNAL,FUNCTIONING PROPERLY,CLOUDY/OVERCAST,DAYLIGHT,TURNING,NOT DIVIDED,6,STRAIGHT AND LEVEL,WET,NO DEFECTS,,INJURY AND / OR TOW DUE TO CRASH,Y,,,"OVER $1,500",11/2/2017 14:10,UNABLE TO DETERMINE,UNABLE TO DETERMINE,7900,S,SOUTH CHICAGO AVE,411,,,,,,,4,NONINCAPACITATING INJURY,1,0,0,1,0,3,0,13,5,11,41.75133971,-87.58563227,POINT (-87.585632265652 41.751339704589),1
JA496518,N,11/2/2017 13:55,30,NO CONTROLS,NO CONTROLS,RAIN,DAYLIGHT,REAR END,DIVIDED - W/MEDIAN BARRIER,,STRAIGHT AND LEVEL,WET,NO DEFECTS,NOT ON SCENE (DESK REPORT),NO INJURY / DRIVE AWAY,,,,"$501 - $1,500",11/2/2017 20:20,FOLLOWING TOO CLOSELY,FOLLOWING TOO CLOSELY,5708,N,CENTRAL PARK AVE,1711,,,,,,,2,NO INDICATION OF INJURY,0,0,0,0,0,2,0,13,5,11,41.98507415,-87.71886242,POINT (-87.718862415045 41.985074145511),1
JA501096,,11/2/2017 14:00,30,NO CONTROLS,NO CONTROLS,CLEAR,DAYLIGHT,SIDESWIPE SAME DIRECTION,DIVIDED - W/MEDIAN (NOT RAISED),4,STRAIGHT AND LEVEL,DRY,NO DEFECTS,NOT ON SCENE (DESK REPORT),NO INJURY / DRIVE AWAY,,,,"$501 - $1,500",11/6/2017 12:40,UNABLE TO DETERMINE,UNABLE TO DETERMINE,368,N,ASHLAND AVE,1215,,,,,,,2,NO INDICATION OF INJURY,0,0,0,0,0,2,0,14,5,11,41.8888366,-87.66721474,POINT (-87.66721474429 41.888836603509),1
JA496065,,11/2/2017 14:00,30,NO CONTROLS,NO CONTROLS,RAIN,DAYLIGHT,PEDALCYCLIST,NOT DIVIDED,2,STRAIGHT AND LEVEL,WET,NO DEFECTS,ON SCENE,INJURY AND / OR TOW DUE TO CRASH,,,,$500 OR LESS,11/2/2017 14:04,NOT APPLICABLE,NOT APPLICABLE,2433,N,LINCOLN AVE,1935,,Y,,,,,2,NONINCAPACITATING INJURY,1,0,0,1,0,0,0,14,5,11,41.92624085,-87.64966265,POINT (-87.649662644864 41.926240849122),1
JA496056,,11/2/2017 14:00,30,NO CONTROLS,NO CONTROLS,RAIN,DAYLIGHT,REAR END,NOT DIVIDED,,STRAIGHT AND LEVEL,WET,NO DEFECTS,NOT ON SCENE (DESK REPORT),NO INJURY / DRIVE AWAY,,,,"$501 - $1,500",11/2/2017 15:20,UNABLE TO DETERMINE,UNABLE TO DETERMINE,5230,S,LAKE PARK AVE,234,,,,,,,2,NO INDICATION OF INJURY,0,0,0,0,0,3,0,14,5,11,41.80012338,-87.58750991,POINT (-87.58750991043 41.800123378668),1
JA496178,Y,11/2/2017 14:10,30,NO CONTROLS,NO CONTROLS,RAIN,DAYLIGHT,PARKED MOTOR VEHICLE,ONE-WAY,4,STRAIGHT AND LEVEL,WET,NO DEFECTS,ON SCENE,INJURY AND / OR TOW DUE TO CRASH,,,,"OVER $1,500",11/2/2017 16:45,IMPROPER LANE USAGE,UNDER THE INFLUENCE OF ALCOHOL/DRUGS (USE WHEN ARREST IS EFFECTED),109,S,CLINTON ST,121,,,,,,,2,NO INDICATION OF INJURY,0,0,0,0,0,1,0,14,5,11,41.88026524,-87.64099737,POINT (-87.64099736887 41.880265238353),1
JA496071,,11/2/2017 14:10,30,NO CONTROLS,NO CONTROLS,CLEAR,DAYLIGHT,REAR END,NOT DIVIDED,2,STRAIGHT AND LEVEL,WET,NO DEFECTS,NOT ON SCENE (DESK REPORT),NO INJURY / DRIVE AWAY,,,Y,$500 OR LESS,11/2/2017 15:14,WEATHER,ROAD ENGINEERING/SURFACE/MARKING DEFECTS,9800,S,STATE ST,511,,,,,,,2,NO INDICATION OF INJURY,0,0,0,0,0,2,0,14,5,11,41.71686675,-87.62290363,POINT (-87.622903630426 41.716866747289),1
JA496081,,11/2/2017 14:15,30,NO CONTROLS,NO CONTROLS,RAIN,DAYLIGHT,SIDESWIPE SAME DIRECTION,NOT DIVIDED,,STRAIGHT AND LEVEL,WET,NO DEFECTS,NOT ON SCENE (DESK REPORT),NO INJURY / DRIVE AWAY,,,,"$501 - $1,500",11/2/2017 15:45,FAILING TO YIELD RIGHT-OF-WAY,NOT APPLICABLE,637,W,16TH ST,1235,,,,,,,2,NO INDICATION OF INJURY,0,0,0,0,0,3,0,14,5,11,41.85985061,-87.64339777,POINT (-87.643397770175 41.859850604681),1
JA496044,,11/2/2017 14:20,30,TRAFFIC SIGNAL,FUNCTIONING PROPERLY,RAIN,DAYLIGHT,TURNING,OTHER,2,STRAIGHT AND LEVEL,WET,NO DEFECTS,ON SCENE,INJURY AND / OR TOW DUE TO CRASH,Y,,,"OVER $1,500",11/2/2017 14:38,FAILING TO YIELD RIGHT-OF-WAY,NOT APPLICABLE,7358,W,HIGGINS AVE,1613,,,,,,,2,NONINCAPACITATING INJURY,4,0,0,2,2,0,0,14,5,11,41.98212508,-87.81154403,POINT (-87.811544030201 41.982125084275),1
JA496012,,11/2/2017 14:30,30,TRAFFIC SIGNAL,FUNCTIONING PROPERLY,RAIN,DAYLIGHT,SIDESWIPE SAME DIRECTION,NOT DIVIDED,2,STRAIGHT AND LEVEL,WET,NO DEFECTS,NOT ON SCENE (DESK REPORT),NO INJURY / DRIVE AWAY,,,,"$501 - $1,500",11/2/2017 14:40,UNABLE TO DETERMINE,UNABLE TO DETERMINE,1745,N,CLYBOURN AVE,1813,,,,,,,2,NO INDICATION OF INJURY,0,0,0,0,0,2,0,14,5,11,41.91287771,-87.65204391,POINT (-87.652043910921 41.912877708525),1
JA496105,,11/2/2017 14:30,30,STOP SIGN/FLASHER,FUNCTIONING PROPERLY,RAIN,DAYLIGHT,REAR END,NOT DIVIDED,2,STRAIGHT AND LEVEL,WET,NO DEFECTS,NOT ON SCENE (DESK REPORT),INJURY AND / OR TOW DUE TO CRASH,,,,"$501 - $1,500",11/2/2017 15:50,NOT APPLICABLE,NOT APPLICABLE,1032,W,MARQUETTE RD,724,,,,,,,2,NO INDICATION OF INJURY,0,0,0,0,0,2,0,14,5,11,41.77249455,-87.65073116,POINT (-87.650731158733 41.772494547096),1
JA498373,,11/2/2017 14:30,15,NO CONTROLS,NO CONTROLS,CLEAR,DAYLIGHT,REAR END,PARKING LOT,,STRAIGHT AND LEVEL,DRY,NO DEFECTS,NOT ON SCENE (DESK REPORT),NO INJURY / DRIVE AWAY,,Y,,$500 OR LESS,11/4/2017 10:05,IMPROPER BACKING,NOT APPLICABLE,5100,N,CALIFORNIA AVE,2031,,,,,,,2,NO INDICATION OF INJURY,0,0,0,0,0,2,0,14,5,11,41.97403594,-87.69901661,POINT (-87.699016611612 41.974035935627),1
JA497260,,11/2/2017 14:30,30,NO CONTROLS,NO CONTROLS,CLEAR,DAYLIGHT,SIDESWIPE OPPOSITE DIRECTION,DIVIDED - W/MEDIAN (NOT RAISED),2,STRAIGHT AND LEVEL,DRY,UNKNOWN,NOT ON SCENE (DESK REPORT),NO INJURY / DRIVE AWAY,,,Y,"OVER $1,500",11/3/2017 13:30,UNABLE TO DETERMINE,UNABLE TO DETERMINE,8105,S,OAKLEY AVE,835,,,,,,,3,NO INDICATION OF INJURY,0,0,0,0,0,2,0,14,5,11,41.74631988,-87.6802303,POINT (-87.68023030046 41.746319883894),1
JA496406,,11/2/2017 14:30,30,TRAFFIC SIGNAL,FUNCTIONING PROPERLY,RAIN,DAYLIGHT,TURNING,DIVIDED - W/MEDIAN (NOT RAISED),2,STRAIGHT AND LEVEL,WET,NO DEFECTS,NOT ON SCENE (DESK REPORT),NO INJURY / DRIVE AWAY,,,,"$501 - $1,500",11/2/2017 19:00,FAILING TO YIELD RIGHT-OF-WAY,"OPERATING VEHICLE IN ERRATIC, RECKLESS, CARELESS, NEGLIGENT OR AGGRESSIVE MANNER",5800,N,SHERIDAN RD,2022,,,,,,,2,NO INDICATION OF INJURY,0,0,0,0,0,2,0,14,5,11,41.9874468,-87.655453,POINT (-87.65545300098 41.98744680079),1
JA496029,,11/2/2017 14:35,30,TRAFFIC SIGNAL,FUNCTIONING PROPERLY,RAIN,DAYLIGHT,ANGLE,NOT DIVIDED,,STRAIGHT AND LEVEL,WET,NO DEFECTS,ON SCENE,INJURY AND / OR TOW DUE TO CRASH,Y,,Y,"OVER $1,500",11/2/2017 14:37,DISREGARDING TRAFFIC SIGNALS,UNABLE TO DETERMINE,1000,W,MARQUETTE RD,724,,,,,,,3,INCAPACITATING INJURY,1,0,1,0,0,2,0,14,5,11,41.7725135,-87.64951823,POINT (-87.649518231593 41.772513500467),1
JA496016,,11/2/2017 14:36,30,STOP SIGN/FLASHER,FUNCTIONING PROPERLY,RAIN,DAYLIGHT,ANGLE,NOT DIVIDED,,STRAIGHT AND LEVEL,WET,NO DEFECTS,ON SCENE,NO INJURY / DRIVE AWAY,Y,,Y,"$501 - $1,500",11/2/2017 14:37,DISREGARDING STOP SIGN,FAILING TO REDUCE SPEED TO AVOID CRASH,2400,E,90TH ST,423,,,,,,,2,NO INDICATION OF INJURY,0,0,0,0,0,2,0,14,5,11,41.73182912,-87.56579905,POINT (-87.565799045256 41.731829119788),1
JA496054,,11/2/2017 14:40,30,NO CONTROLS,NO CONTROLS,CLEAR,DAYLIGHT,SIDESWIPE SAME DIRECTION,DIVIDED - W/MEDIAN BARRIER,,STRAIGHT AND LEVEL,DRY,NO DEFECTS,ON SCENE,INJURY AND / OR TOW DUE TO CRASH,,,,"OVER $1,500",11/2/2017 14:41,UNABLE TO DETERMINE,NOT APPLICABLE,6325,N,LINCOLN AVE,1711,,,,,,,2,NO INDICATION OF INJURY,0,0,0,0,0,5,0,14,5,11,41.99635987,-87.71686393,POINT (-87.716863930936 41.996359865024),1
JA496062,,11/2/2017 14:40,30,TRAFFIC SIGNAL,FUNCTIONING PROPERLY,RAIN,DAYLIGHT,SIDESWIPE SAME DIRECTION,DIVIDED - W/MEDIAN BARRIER,,STRAIGHT AND LEVEL,WET,UNKNOWN,NOT ON SCENE (DESK REPORT),NO INJURY / DRIVE AWAY,Y,,,"OVER $1,500",11/2/2017 15:20,UNABLE TO DETERMINE,UNABLE TO DETERMINE,500,N,COLUMBUS DR,1834,,,,,,,2,NO INDICATION OF INJURY,0,0,0,0,0,2,0,14,5,11,41.89104457,-87.62037184,POINT (-87.620371839074 41.891044569124),1
JA496941,,11/2/2017 14:40,30,STOP SIGN/FLASHER,FUNCTIONING PROPERLY,CLOUDY/OVERCAST,DAYLIGHT,TURNING,DIVIDED - W/MEDIAN BARRIER,4,STRAIGHT AND LEVEL,DRY,NO DEFECTS,NOT ON SCENE (DESK REPORT),NO INJURY / DRIVE AWAY,,,,"OVER $1,500",11/3/2017 9:25,FAILING TO YIELD RIGHT-OF-WAY,NOT APPLICABLE,4900,N,ASHLAND AVE,2032,,,,,,,2,NO INDICATION OF INJURY,0,0,0,0,0,2,0,14,5,11,41.97188325,-87.66966848,POINT (-87.66966847772 41.971883253741),1
JA496052,,11/2/2017 14:43,30,NO CONTROLS,NO CONTROLS,RAIN,DAYLIGHT,SIDESWIPE SAME DIRECTION,DIVIDED - W/MEDIAN (NOT RAISED),2,STRAIGHT AND LEVEL,WET,NO DEFECTS,ON SCENE,NO INJURY / DRIVE AWAY,,,Y,"OVER $1,500",11/2/2017 15:05,IMPROPER TURNING/NO SIGNAL,NOT APPLICABLE,1702,N,WELLS ST,1814,,,,,,,2,NO INDICATION OF INJURY,0,0,0,0,0,2,0,14,5,11,41.91297917,-87.63491441,POINT (-87.634914405801 41.912979173354),1
JA496024,,11/2/2017 14:48,30,TRAFFIC SIGNAL,FUNCTIONING PROPERLY,RAIN,DAYLIGHT,REAR END,DIVIDED - W/MEDIAN BARRIER,,STRAIGHT AND LEVEL,WET,NO DEFECTS,ON SCENE,INJURY AND / OR TOW DUE TO CRASH,,,,"OVER $1,500",11/2/2017 14:50,FAILING TO REDUCE SPEED TO AVOID CRASH,NOT APPLICABLE,2749,W,79TH ST,835,,,,,,,2,NO INDICATION OF INJURY,0,0,0,0,0,2,0,14,5,11,41.7497621,-87.6920884,POINT (-87.692088397223 41.749762094672),1
JA496073,,11/2/2017 14:53,25,STOP SIGN/FLASHER,FUNCTIONING PROPERLY,RAIN,DAYLIGHT,ANGLE,DIVIDED - W/MEDIAN (NOT RAISED),2,STRAIGHT AND LEVEL,WET,WORN SURFACE,ON SCENE,INJURY AND / OR TOW DUE TO CRASH,Y,,,"OVER $1,500",11/2/2017 14:53,FAILING TO YIELD RIGHT-OF-WAY,DISREGARDING STOP SIGN,9000,S,JEFFERY BLVD,413,,,,,,,2,"REPORTED, NOT EVIDENT",1,0,0,0,1,3,0,14,5,11,41.731491,-87.57573005,POINT (-87.575730053476 41.731490995184),1