RD_NO,CRASH_DATE_EST_I,CRASH_DATE,POSTED_SPEED_LIMIT,TRAFFIC_CONTROL_DEVICE,DEVICE_CONDITION,WEATHER_CONDITION,LIGHTING_CONDITION,FIRST_CRASH_TYPE,TRAFFICWAY_TYPE,LANE_CNT,ALIGNMENT,ROADWAY_SURFACE_COND,ROAD_DEFECT,REPORT_TYPE,CRASH_TYPE,INTERSECTION_RELATED_I,NOT_RIGHT_OF_WAY_I,HIT_AND_RUN_I,DAMAGE,DATE_POLICE_NOTIFIED,PRIM_CONTRIBUTORY_CAUSE,SEC_CONTRIBUTORY_CAUSE,STREET_NO,STREET_DIRECTION,STREET_NAME,BEAT_OF_OCCURRENCE,PHOTOS_TAKEN_I,STATEMENTS_TAKEN_I,DOORING_I,WORK_ZONE_I,WORK_ZONE_TYPE,WORKERS_PRESENT_I,NUM_UNITS,MOST_SEVERE_INJURY,INJURIES_TOTAL,INJURIES_FATAL,INJURIES_INCAPACITATING,INJURIES_NON_INCAPACITATING,INJURIES_REPORTED_NOT_EVIDENT,INJURIES_NO_INDICATION,INJURIES_UNKNOWN,CRASH_HOUR,CRASH_DAY_OF_WEEK,CRASH_MONTH,LATITUDE,LONGITUDE,LOCATION,Join
JA496038,,11/2/2017 14:57,30,NO CONTROLS,NO CONTROLS,RAIN,DAYLIGHT,REAR END,DIVIDED - W/MEDIAN (NOT RAISED),2,STRAIGHT AND LEVEL,WET,NO DEFECTS,ON SCENE,NO INJURY / DRIVE AWAY,,,,"$501 - $1,500",11/2/2017 14:57,FAILING TO REDUCE SPEED TO AVOID CRASH,NOT APPLICABLE,2525,S,HALSTED ST,914,,,,,,,2,NO INDICATION OF INJURY,0,0,0,0,0,3,0,14,5,11,41.84623172,-87.64631695,POINT (-87.646316951155 41.846231721186),1
JA496291,,11/2/2017 14:58,30,NO CONTROLS,NO CONTROLS,CLEAR,DAYLIGHT,PARKED MOTOR VEHICLE,NOT DIVIDED,2,STRAIGHT AND LEVEL,DRY,NO DEFECTS,NOT ON SCENE (DESK REPORT),NO INJURY / DRIVE AWAY,,,,$500 OR LESS,11/2/2017 18:00,UNABLE TO DETERMINE,UNABLE TO DETERMINE,3436,N,OSCEOLA AVE,1631,,,,,,,2,NO INDICATION OF INJURY,0,0,0,0,0,3,0,14,5,11,41.94254335,-87.813168,POINT (-87.813168002518 41.942543350481),1
JA496034,,11/2/2017 15:00,30,TRAFFIC SIGNAL,FUNCTIONING PROPERLY,RAIN,DAYLIGHT,REAR END,NOT DIVIDED,2,STRAIGHT AND LEVEL,WET,NO DEFECTS,NOT ON SCENE (DESK REPORT),NO INJURY / DRIVE AWAY,,,,"OVER $1,500",11/2/2017 15:11,FOLLOWING TOO CLOSELY,NOT APPLICABLE,5026,W,MONTROSE AVE,1623,,,,,,,2,NO INDICATION OF INJURY,0,0,0,0,0,3,0,15,5,11,41.96075098,-87.75348435,POINT (-87.753484351898 41.960750981961),1
JA496097,,11/2/2017 15:00,30,TRAFFIC SIGNAL,FUNCTIONING PROPERLY,RAIN,DAYLIGHT,TURNING,NOT DIVIDED,4,STRAIGHT AND LEVEL,WET,NO DEFECTS,NOT ON SCENE (DESK REPORT),NO INJURY / DRIVE AWAY,Y,,,"OVER $1,500",11/2/2017 15:45,FAILING TO YIELD RIGHT-OF-WAY,UNABLE TO DETERMINE,4800,W,PETERSON AVE,1621,,,,,,,2,NO INDICATION OF INJURY,0,0,0,0,0,2,0,15,5,11,41.99000801,-87.74837695,POINT (-87.74837695119 41.990008007299),1
JA497329,,11/2/2017 15:00,30,TRAFFIC SIGNAL,FUNCTIONING PROPERLY,RAIN,DAYLIGHT,REAR END,CENTER TURN LANE,,STRAIGHT AND LEVEL,WET,NO DEFECTS,NOT ON SCENE (DESK REPORT),NO INJURY / DRIVE AWAY,,,Y,"OVER $1,500",11/3/2017 14:20,FOLLOWING TOO CLOSELY,NOT APPLICABLE,7329,W,IRVING PARK RD,1631,,,,,,,2,NO INDICATION OF INJURY,0,0,0,0,0,2,0,15,5,11,41.95256564,-87.8112743,POINT (-87.811274296158 41.95256564111),1
JA496098,,11/2/2017 15:00,30,NO CONTROLS,NO CONTROLS,RAIN,DAYLIGHT,REAR END,NOT DIVIDED,2,STRAIGHT AND LEVEL,WET,NO DEFECTS,ON SCENE,INJURY AND / OR TOW DUE TO CRASH,Y,,,"OVER $1,500",11/2/2017 15:05,FAILING TO REDUCE SPEED TO AVOID CRASH,WEATHER,8232,W,FOSTER AVE,1614,,,,,,,2,NONINCAPACITATING INJURY,1,0,0,1,0,1,0,15,5,11,41.97403863,-87.83290872,POINT (-87.83290871985 41.974038632414),1
JA497497,,11/2/2017 15:00,30,UNKNOWN,UNKNOWN,UNKNOWN,DAYLIGHT,REAR END,UNKNOWN,,STRAIGHT AND LEVEL,DRY,DEBRIS ON ROADWAY,NOT ON SCENE (DESK REPORT),NO INJURY / DRIVE AWAY,,,Y,"$501 - $1,500",11/3/2017 16:00,UNABLE TO DETERMINE,NOT APPLICABLE,6130,W,ADDISON ST,1633,,,,,,,2,NO INDICATION OF INJURY,0,0,0,0,0,2,0,15,5,11,41.94584355,-87.78019592,POINT (-87.780195917377 41.945843546524),1
JA496047,,11/2/2017 15:00,30,TRAFFIC SIGNAL,FUNCTIONING PROPERLY,CLOUDY/OVERCAST,DAYLIGHT,REAR END,DIVIDED - W/MEDIAN BARRIER,2,STRAIGHT AND LEVEL,WET,NO DEFECTS,ON SCENE,NO INJURY / DRIVE AWAY,,,,$500 OR LESS,11/2/2017 15:05,FOLLOWING TOO CLOSELY,UNABLE TO DETERMINE,801,W,CHICAGO AVE,1214,,,,,,,2,NO INDICATION OF INJURY,0,0,0,0,0,3,0,15,5,11,41.89629002,-87.64776997,POINT (-87.647769973263 41.896290015597),1
JA496046,,11/2/2017 15:03,30,NO CONTROLS,NO CONTROLS,CLEAR,DAYLIGHT,ANGLE,NOT DIVIDED,4,STRAIGHT AND LEVEL,DRY,NO DEFECTS,NOT ON SCENE (DESK REPORT),NO INJURY / DRIVE AWAY,,,,"OVER $1,500",11/2/2017 15:13,UNABLE TO DETERMINE,UNABLE TO DETERMINE,2351,E,93RD ST,413,,,,,,,2,NO INDICATION OF INJURY,0,0,0,0,0,2,0,15,5,11,41.72612459,-87.56609904,POINT (-87.566099040043 41.726124590973),1
JA496088,,11/2/2017 15:15,30,NO CONTROLS,NO CONTROLS,CLEAR,DAYLIGHT,REAR END,DIVIDED - W/MEDIAN (NOT RAISED),4,STRAIGHT AND LEVEL,DRY,NO DEFECTS,NOT ON SCENE (DESK REPORT),NO INJURY / DRIVE AWAY,,,,"OVER $1,500",11/2/2017 15:30,FOLLOWING TOO CLOSELY,FOLLOWING TOO CLOSELY,6200,N,CICERO AVE,1621,,,,,,,2,NO INDICATION OF INJURY,0,0,0,0,0,2,0,15,5,11,41.99316019,-87.7484821,POINT (-87.748482103986 41.993160188623),1
JA496132,,11/2/2017 15:15,30,TRAFFIC SIGNAL,FUNCTIONING PROPERLY,CLEAR,DAYLIGHT,REAR END,DIVIDED - W/MEDIAN (NOT RAISED),2,STRAIGHT AND LEVEL,WET,NO DEFECTS,NOT ON SCENE (DESK REPORT),NO INJURY / DRIVE AWAY,Y,,,"$501 - $1,500",11/2/2017 16:00,UNABLE TO DETERMINE,NOT APPLICABLE,7859,S,SOUTH SHORE DR,421,,,,,,,2,NO INDICATION OF INJURY,0,0,0,0,0,2,0,15,5,11,41.75281542,-87.54874414,POINT (-87.548744141489 41.752815417913),1
JA496190,,11/2/2017 15:20,30,NO CONTROLS,NO CONTROLS,RAIN,DAYLIGHT,REAR END,NOT DIVIDED,4,STRAIGHT AND LEVEL,WET,NO DEFECTS,NOT ON SCENE (DESK REPORT),NO INJURY / DRIVE AWAY,,,,"OVER $1,500",11/2/2017 16:50,FOLLOWING TOO CLOSELY,UNABLE TO DETERMINE,6150,N,CALDWELL AVE,1621,,,,,,,2,NO INDICATION OF INJURY,0,0,0,0,0,2,0,15,5,11,41.99286467,-87.75747769,POINT (-87.757477686672 41.992864668174),1
JA496269,,11/2/2017 15:25,30,NO CONTROLS,NO CONTROLS,RAIN,DAYLIGHT,REAR END,NOT DIVIDED,2,STRAIGHT AND LEVEL,WET,NO DEFECTS,NOT ON SCENE (DESK REPORT),NO INJURY / DRIVE AWAY,,,,"OVER $1,500",11/2/2017 17:24,WEATHER,ROAD ENGINEERING/SURFACE/MARKING DEFECTS,9200,S,JEFFERY AVE,413,,,,,,,2,NO INDICATION OF INJURY,0,0,0,0,0,2,0,15,5,11,41.7278454,-87.57563571,POINT (-87.575635704599 41.727845399315),1
JA496232,,11/2/2017 15:28,30,TRAFFIC SIGNAL,FUNCTIONING PROPERLY,RAIN,DAYLIGHT,PEDALCYCLIST,NOT DIVIDED,,STRAIGHT AND LEVEL,WET,NO DEFECTS,ON SCENE,INJURY AND / OR TOW DUE TO CRASH,Y,,,$500 OR LESS,11/2/2017 15:30,"VISION OBSCURED (SIGNS, TREE LIMBS, BUILDINGS, ETC.)",NOT APPLICABLE,4734,W,BELMONT AVE,1731,,,,,,,2,NONINCAPACITATING INJURY,1,0,0,1,0,2,0,15,5,11,41.93896018,-87.74516653,POINT (-87.745166530254 41.938960178146),1
JA497346,,11/2/2017 15:30,20,NO CONTROLS,NO CONTROLS,RAIN,DAYLIGHT,SIDESWIPE SAME DIRECTION,NOT DIVIDED,4,STRAIGHT AND LEVEL,WET,NO DEFECTS,NOT ON SCENE (DESK REPORT),NO INJURY / DRIVE AWAY,,,,"$501 - $1,500",11/3/2017 15:00,IMPROPER LANE USAGE,NOT APPLICABLE,1750,W,MONTEREY AVE,2212,,,,Y,CONSTRUCTION,,2,NO INDICATION OF INJURY,0,0,0,0,0,2,0,15,5,11,41.69077321,-87.66645913,POINT (-87.666459130087 41.690773212741),1
JA498765,,11/2/2017 15:30,15,TRAFFIC SIGNAL,FUNCTIONING PROPERLY,CLEAR,DAYLIGHT,SIDESWIPE SAME DIRECTION,NOT DIVIDED,3,STRAIGHT AND LEVEL,DRY,NO DEFECTS,NOT ON SCENE (DESK REPORT),NO INJURY / DRIVE AWAY,,,Y,"OVER $1,500",11/4/2017 15:10,IMPROPER OVERTAKING/PASSING,UNABLE TO DETERMINE,9489,S,SOUTH CHICAGO AVE,424,,,,,,,2,NO INDICATION OF INJURY,0,0,0,0,0,2,0,15,5,11,41.72294697,-87.54563504,POINT (-87.545635036735 41.722946964909),1
JA507180,,11/2/2017 15:30,30,NO CONTROLS,NO CONTROLS,CLEAR,DAYLIGHT,REAR END,NOT DIVIDED,2,STRAIGHT AND LEVEL,DRY,NO DEFECTS,NOT ON SCENE (DESK REPORT),NO INJURY / DRIVE AWAY,,,Y,"$501 - $1,500",11/10/2017 21:40,FOLLOWING TOO CLOSELY,UNABLE TO DETERMINE,1700,W,GRAND AVE,1215,,,,,,,2,NO INDICATION OF INJURY,0,0,0,0,0,3,0,15,5,11,41.89105286,-87.66962354,POINT (-87.669623538743 41.891052857019),1
JA496189,,11/2/2017 15:30,35,NO CONTROLS,NO CONTROLS,RAIN,DAYLIGHT,SIDESWIPE SAME DIRECTION,NOT DIVIDED,2,STRAIGHT AND LEVEL,WET,NO DEFECTS,ON SCENE,NO INJURY / DRIVE AWAY,,,,"$501 - $1,500",11/2/2017 15:34,IMPROPER OVERTAKING/PASSING,NOT APPLICABLE,40,E,OAK ST,1824,,,,Y,UNKNOWN,Y,2,NO INDICATION OF INJURY,0,0,0,0,0,2,0,15,5,11,41.90088009,-87.62685889,POINT (-87.626858888615 41.900880085521),1
JA496160,,11/2/2017 15:30,20,STOP SIGN/FLASHER,FUNCTIONING PROPERLY,RAIN,DAYLIGHT,SIDESWIPE OPPOSITE DIRECTION,NOT DIVIDED,2,STRAIGHT AND LEVEL,WET,NO DEFECTS,ON SCENE,NO INJURY / DRIVE AWAY,Y,,,"OVER $1,500",11/2/2017 15:53,DRIVING SKILLS/KNOWLEDGE/EXPERIENCE,NOT APPLICABLE,3132,N,WOLCOTT AVE,1931,,,,,,,3,NO INDICATION OF INJURY,0,0,0,0,0,3,0,15,5,11,41.9387337,-87.67604765,POINT (-87.67604765012 41.938733695983),1
JA496259,,11/2/2017 15:32,30,TRAFFIC SIGNAL,FUNCTIONING PROPERLY,RAIN,DAYLIGHT,REAR END,NOT DIVIDED,2,STRAIGHT AND LEVEL,WET,NO DEFECTS,NOT ON SCENE (DESK REPORT),NO INJURY / DRIVE AWAY,,,Y,"$501 - $1,500",11/2/2017 17:30,IMPROPER BACKING,NOT APPLICABLE,1729,S,HALSTED ST,1235,,,,,,,2,NO INDICATION OF INJURY,0,0,0,0,0,2,0,15,5,11,41.85833543,-87.64651052,POINT (-87.646510521966 41.858335426305),1
JA496491,,11/2/2017 15:38,30,OTHER WARNING SIGN,FUNCTIONING PROPERLY,RAIN,DUSK,FIXED OBJECT,ONE-WAY,,STRAIGHT AND LEVEL,WET,NO DEFECTS,NOT ON SCENE (DESK REPORT),INJURY AND / OR TOW DUE TO CRASH,,,,"OVER $1,500",11/2/2017 15:40,DRIVING ON WRONG SIDE/WRONG WAY,NOT APPLICABLE,5963,W,RICE ST,1511,,,,,,,1,NONINCAPACITATING INJURY,1,0,0,1,0,0,0,15,5,11,41.8955145,-87.77478939,POINT (-87.774789392761 41.895514500806),1
JA496116,,11/2/2017 15:45,30,NO CONTROLS,NO CONTROLS,CLOUDY/OVERCAST,DAYLIGHT,SIDESWIPE SAME DIRECTION,DIVIDED - W/MEDIAN BARRIER,,STRAIGHT ON GRADE,DRY,NO DEFECTS,ON SCENE,NO INJURY / DRIVE AWAY,,,,"$501 - $1,500",11/2/2017 15:50,UNABLE TO DETERMINE,UNABLE TO DETERMINE,10623,S,HALSTED ST,2233,,,,,,,2,NO INDICATION OF INJURY,0,0,0,0,0,2,0,15,5,11,41.70074968,-87.64249553,POINT (-87.642495530151 41.700749676427),1
JA496134,,11/2/2017 15:51,30,TRAFFIC SIGNAL,FUNCTIONING PROPERLY,RAIN,DUSK,TURNING,DIVIDED - W/MEDIAN (NOT RAISED),,STRAIGHT AND LEVEL,WET,NO DEFECTS,ON SCENE,NO INJURY / DRIVE AWAY,Y,,,"OVER $1,500",11/2/2017 15:58,DRIVING SKILLS/KNOWLEDGE/EXPERIENCE,EXCEEDING SAFE SPEED FOR CONDITIONS,12700,S,HALSTED ST,523,,,,,,,2,NO INDICATION OF INJURY,0,0,0,0,0,2,0,15,5,11,41.6631821,-87.64156527,POINT (-87.641565265157 41.663182101231),1
JA496131,,11/2/2017 16:00,30,TRAFFIC SIGNAL,UNKNOWN,CLOUDY/OVERCAST,DAYLIGHT,HEAD ON,NOT DIVIDED,,STRAIGHT AND LEVEL,UNKNOWN,UNKNOWN,NOT ON SCENE (DESK REPORT),NO INJURY / DRIVE AWAY,Y,,Y,"OVER $1,500",11/2/2017 16:20,UNABLE TO DETERMINE,UNABLE TO DETERMINE,2258,S,BLUE ISLAND AVE,1034,,,,,,,2,NO INDICATION OF INJURY,0,0,0,0,0,5,0,16,5,11,41.85119774,-87.66916135,POINT (-87.669161351639 41.851197735713),1
JA496462,,11/2/2017 16:00,30,NO CONTROLS,NO CONTROLS,RAIN,DAYLIGHT,PARKED MOTOR VEHICLE,NOT DIVIDED,2,STRAIGHT AND LEVEL,WET,NO DEFECTS,NOT ON SCENE (DESK REPORT),NO INJURY / DRIVE AWAY,,,,$500 OR LESS,11/2/2017 19:19,"EVASIVE ACTION DUE TO ANIMAL, OBJECT, NONMOTORIST","EVASIVE ACTION DUE TO ANIMAL, OBJECT, NONMOTORIST",650,E,85TH ST,632,,,,,,,2,NO INDICATION OF INJURY,0,0,0,0,0,1,0,16,5,11,41.74036711,-87.60792289,POINT (-87.607922888397 41.740367113878),1
JA496175,,11/2/2017 16:05,35,TRAFFIC SIGNAL,FUNCTIONING PROPERLY,RAIN,DAYLIGHT,REAR END,DIVIDED - W/MEDIAN (NOT RAISED),,STRAIGHT AND LEVEL,WET,NO DEFECTS,ON SCENE,NO INJURY / DRIVE AWAY,,,,"OVER $1,500",11/2/2017 16:15,FAILING TO REDUCE SPEED TO AVOID CRASH,NOT APPLICABLE,3100,W,87TH ST,835,,,,,,,2,NO INDICATION OF INJURY,0,0,0,0,0,3,0,16,5,11,41.73535254,-87.69922058,POINT (-87.699220574943 41.735352539197),1
JA496184,,11/2/2017 16:10,30,NO CONTROLS,NO CONTROLS,RAIN,DAYLIGHT,SIDESWIPE OPPOSITE DIRECTION,NOT DIVIDED,2,STRAIGHT AND LEVEL,WET,NO DEFECTS,ON SCENE,NO INJURY / DRIVE AWAY,,,,$500 OR LESS,11/2/2017 16:48,UNABLE TO DETERMINE,NOT APPLICABLE,4447,N,LA CROSSE AVE,1623,,,,,,,2,NO INDICATION OF INJURY,0,0,0,0,0,2,0,16,5,11,41.96210494,-87.74865458,POINT (-87.748654578814 41.962104939378),1
JA496163,,11/2/2017 16:14,30,LANE USE MARKING,FUNCTIONING PROPERLY,RAIN,DAYLIGHT,TURNING,NOT DIVIDED,4,STRAIGHT AND LEVEL,WET,NO DEFECTS,ON SCENE,INJURY AND / OR TOW DUE TO CRASH,,,,"OVER $1,500",11/2/2017 16:16,WEATHER,"VISION OBSCURED (SIGNS, TREE LIMBS, BUILDINGS, ETC.)",5710,N,RIDGE AVE,2013,,,,,,,2,NONINCAPACITATING INJURY,1,0,0,1,0,2,0,16,5,11,41.98579361,-87.66384333,POINT (-87.66384332996 41.985793609364),1
JA496219,,11/2/2017 16:15,30,TRAFFIC SIGNAL,FUNCTIONING PROPERLY,CLEAR,DAYLIGHT,OTHER NONCOLLISION,DIVIDED - W/MEDIAN (NOT RAISED),2,STRAIGHT AND LEVEL,DRY,"RUT, HOLES",NOT ON SCENE (DESK REPORT),NO INJURY / DRIVE AWAY,,,,"OVER $1,500",11/2/2017 17:30,ROAD CONSTRUCTION/MAINTENANCE,UNABLE TO DETERMINE,4400,N,LINCOLN AVE,1911,,,,,,,1,NO INDICATION OF INJURY,0,0,0,0,0,2,0,16,5,11,41.96142634,-87.6840214,POINT (-87.684021397337 41.961426336795),1
JA496264,,11/2/2017 16:15,0,TRAFFIC SIGNAL,FUNCTIONING PROPERLY,CLEAR,DAYLIGHT,REAR END,DIVIDED - W/MEDIAN (NOT RAISED),,STRAIGHT AND LEVEL,DRY,NO DEFECTS,NOT ON SCENE (DESK REPORT),NO INJURY / DRIVE AWAY,,,,"OVER $1,500",11/2/2017 16:45,FOLLOWING TOO CLOSELY,NOT APPLICABLE,75,E,31ST ST,211,,,,,,,2,NO INDICATION OF INJURY,0,0,0,0,0,2,0,16,5,11,41.83823197,-87.6237663,POINT (-87.623766297826 41.838231969195),1
JA496218,,11/2/2017 16:15,30,NO CONTROLS,NO CONTROLS,CLEAR,DAYLIGHT,PARKED MOTOR VEHICLE,DIVIDED - W/MEDIAN (NOT RAISED),2,STRAIGHT AND LEVEL,DRY,UNKNOWN,NOT ON SCENE (DESK REPORT),NO INJURY / DRIVE AWAY,,,,$500 OR LESS,11/2/2017 17:30,UNABLE TO DETERMINE,UNABLE TO DETERMINE,7928,S,VINCENNES AVE,621,,,,,,,2,NO INDICATION OF INJURY,0,0,0,0,0,1,0,16,5,11,41.74987528,-87.63460125,POINT (-87.634601245602 41.749875277019),1
JA496181,,11/2/2017 16:15,30,NO CONTROLS,NO CONTROLS,RAIN,DAYLIGHT,REAR END,NOT DIVIDED,,STRAIGHT AND LEVEL,SNOW OR SLUSH,NO DEFECTS,NOT ON SCENE (DESK REPORT),NO INJURY / DRIVE AWAY,,,,"$501 - $1,500",11/2/2017 16:45,UNABLE TO DETERMINE,UNABLE TO DETERMINE,6950,S,SOUTH SHORE DR,331,,,,,,,2,NO INDICATION OF INJURY,0,0,0,0,0,2,0,16,5,11,41.76839244,-87.56665768,POINT (-87.56665767516 41.768392441857),1
JA496224,,11/2/2017 16:16,30,NO CONTROLS,NO CONTROLS,RAIN,DAYLIGHT,SIDESWIPE SAME DIRECTION,RAMP,2,STRAIGHT AND LEVEL,WET,UNKNOWN,NOT ON SCENE (DESK REPORT),INJURY AND / OR TOW DUE TO CRASH,,,Y,"$501 - $1,500",11/2/2017 17:45,IMPROPER OVERTAKING/PASSING,UNABLE TO DETERMINE,3947,N,LAKE SHORE DR NB,1925,,,,,,,2,"REPORTED, NOT EVIDENT",1,0,0,0,1,2,0,16,5,11,41.95422787,-87.64439383,POINT (-87.644393827317 41.954227868696),1
JA496162,,11/2/2017 16:20,30,NO CONTROLS,NO CONTROLS,RAIN,DAYLIGHT,REAR END,NOT DIVIDED,,STRAIGHT AND LEVEL,WET,NO DEFECTS,NOT ON SCENE (DESK REPORT),NO INJURY / DRIVE AWAY,,,,"OVER $1,500",11/2/2017 16:40,UNABLE TO DETERMINE,NOT APPLICABLE,2441,W,NORTH AVE,1423,,,,,,,2,NO INDICATION OF INJURY,0,0,0,0,0,4,0,16,5,11,41.91019166,-87.68886932,POINT (-87.688869317264 41.910191662879),1
JA511768,,11/2/2017 16:20,30,TRAFFIC SIGNAL,FUNCTIONING PROPERLY,CLEAR,DUSK,ANGLE,DIVIDED - W/MEDIAN (NOT RAISED),2,STRAIGHT AND LEVEL,DRY,NO DEFECTS,NOT ON SCENE (DESK REPORT),NO INJURY / DRIVE AWAY,,,,"$501 - $1,500",11/14/2017 16:50,DRIVING SKILLS/KNOWLEDGE/EXPERIENCE,NOT APPLICABLE,7411,N,CLARK ST,2422,,,,,,,2,NO INDICATION OF INJURY,0,0,0,0,0,4,0,16,5,11,42.01631432,-87.67509835,POINT (-87.675098345664 42.016314317328),1
JA496156,,11/2/2017 16:20,30,TRAFFIC SIGNAL,FUNCTIONING PROPERLY,RAIN,DAYLIGHT,TURNING,DIVIDED - W/MEDIAN (NOT RAISED),,STRAIGHT AND LEVEL,WET,NO DEFECTS,ON SCENE,INJURY AND / OR TOW DUE TO CRASH,Y,,Y,"OVER $1,500",11/2/2017 16:25,FAILING TO YIELD RIGHT-OF-WAY,NOT APPLICABLE,1559,W,MADISON ST,1224,,,,,,,2,NONINCAPACITATING INJURY,1,0,0,1,0,2,0,16,5,11,41.88134601,-87.66676516,POINT (-87.666765158299 41.881346013772),1
JA496225,,11/2/2017 16:24,30,STOP SIGN/FLASHER,FUNCTIONING PROPERLY,RAIN,DAYLIGHT,ANGLE,NOT DIVIDED,4,STRAIGHT AND LEVEL,WET,NO DEFECTS,ON SCENE,INJURY AND / OR TOW DUE TO CRASH,Y,,,"OVER $1,500",11/2/2017 16:53,FAILING TO YIELD RIGHT-OF-WAY,WEATHER,10700,S,HOMAN AVE,2211,,,,,,,2,NO INDICATION OF INJURY,0,0,0,0,0,2,0,16,5,11,41.69871781,-87.70616995,POINT (-87.706169951194 41.698717807755),1
JA496687,,11/2/2017 16:25,30,TRAFFIC SIGNAL,FUNCTIONING PROPERLY,RAIN,DAYLIGHT,REAR END,NOT DIVIDED,,STRAIGHT AND LEVEL,WET,NO DEFECTS,NOT ON SCENE (DESK REPORT),INJURY AND / OR TOW DUE TO CRASH,Y,,Y,$500 OR LESS,11/2/2017 23:15,FOLLOWING TOO CLOSELY,NOT APPLICABLE,7600,S,STATE ST,623,,,,,,,2,"REPORTED, NOT EVIDENT",1,0,0,0,1,1,0,16,5,11,41.75640041,-87.62486969,POINT (-87.624869685896 41.756400406673),1
JA496176,,11/2/2017 16:30,30,NO CONTROLS,NO CONTROLS,RAIN,DAYLIGHT,REAR END,NOT DIVIDED,2,STRAIGHT AND LEVEL,WET,NO DEFECTS,NOT ON SCENE (DESK REPORT),NO INJURY / DRIVE AWAY,,,,"OVER $1,500",11/2/2017 16:47,FOLLOWING TOO CLOSELY,NOT APPLICABLE,5430,W,FOSTER AVE,1623,,,,,,,2,NO INDICATION OF INJURY,0,0,0,0,0,3,0,16,5,11,41.97525905,-87.764082,POINT (-87.764081995392 41.975259049209),1
JA499664,,11/2/2017 16:30,30,TRAFFIC SIGNAL,NO CONTROLS,RAIN,"DARKNESS, LIGHTED ROAD",TURNING,NOT DIVIDED,2,STRAIGHT AND LEVEL,WET,NO DEFECTS,NOT ON SCENE (DESK REPORT),NO INJURY / DRIVE AWAY,,,,"OVER $1,500",11/5/2017 10:10,IMPROPER TURNING/NO SIGNAL,NOT APPLICABLE,3154,W,FOSTER AVE,1712,,,,,,,2,NO INDICATION OF INJURY,0,0,0,0,0,3,0,16,5,11,41.97585969,-87.70846497,POINT (-87.70846496773 41.975859694203),1
JA496273,,11/2/2017 16:30,30,TRAFFIC SIGNAL,FUNCTIONING PROPERLY,RAIN,"DARKNESS, LIGHTED ROAD",SIDESWIPE SAME DIRECTION,ONE-WAY,,STRAIGHT AND LEVEL,WET,NO DEFECTS,NOT ON SCENE (DESK REPORT),NO INJURY / DRIVE AWAY,,,,"OVER $1,500",11/2/2017 17:56,IMPROPER OVERTAKING/PASSING,NOT APPLICABLE,108,E,SUPERIOR ST,1833,,,,,,,2,NO INDICATION OF INJURY,0,0,0,0,0,2,0,16,5,11,41.89583964,-87.62498814,POINT (-87.624988141316 41.895839638207),1
JA496251,,11/2/2017 16:30,25,NO CONTROLS,NO CONTROLS,RAIN,DAYLIGHT,REAR END,DIVIDED - W/MEDIAN (NOT RAISED),4,STRAIGHT AND LEVEL,WET,NO DEFECTS,NOT ON SCENE (DESK REPORT),NO INJURY / DRIVE AWAY,,,,"$501 - $1,500",11/2/2017 17:26,UNABLE TO DETERMINE,UNABLE TO DETERMINE,5900,S,KOSTNER AVE,813,,,,,,,2,NO INDICATION OF INJURY,0,0,0,0,0,2,0,16,5,11,41.78574346,-87.73289174,POINT (-87.732891741757 41.785743463309),1
JA496200,,11/2/2017 16:30,30,STOP SIGN/FLASHER,NO CONTROLS,RAIN,DAYLIGHT,ANGLE,DIVIDED - W/MEDIAN (NOT RAISED),,STRAIGHT AND LEVEL,WET,NO DEFECTS,ON SCENE,NO INJURY / DRIVE AWAY,Y,,,"$501 - $1,500",11/2/2017 16:35,FAILING TO YIELD RIGHT-OF-WAY,NOT APPLICABLE,5200,S,KEDZIE AVE,822,,,,,,,2,NO INDICATION OF INJURY,0,0,0,0,0,6,0,16,5,11,41.79889965,-87.703858,POINT (-87.703857997716 41.798899651482),1
JA496497,,11/2/2017 16:30,30,NO CONTROLS,NO CONTROLS,RAIN,DUSK,SIDESWIPE SAME DIRECTION,NOT DIVIDED,2,STRAIGHT AND LEVEL,WET,UNKNOWN,NOT ON SCENE (DESK REPORT),NO INJURY / DRIVE AWAY,,,,"OVER $1,500",11/2/2017 20:00,UNABLE TO DETERMINE,UNABLE TO DETERMINE,4600,N,LINCOLN AVE,1911,,,,,,,2,NO INDICATION OF INJURY,0,0,0,0,0,4,0,16,5,11,41.96490236,-87.68627917,POINT (-87.686279170841 41.964902360748),1