RD_NO,CRASH_DATE_EST_I,CRASH_DATE,POSTED_SPEED_LIMIT,TRAFFIC_CONTROL_DEVICE,DEVICE_CONDITION,WEATHER_CONDITION,LIGHTING_CONDITION,FIRST_CRASH_TYPE,TRAFFICWAY_TYPE,LANE_CNT,ALIGNMENT,ROADWAY_SURFACE_COND,ROAD_DEFECT,REPORT_TYPE,CRASH_TYPE,INTERSECTION_RELATED_I,NOT_RIGHT_OF_WAY_I,HIT_AND_RUN_I,DAMAGE,DATE_POLICE_NOTIFIED,PRIM_CONTRIBUTORY_CAUSE,SEC_CONTRIBUTORY_CAUSE,STREET_NO,STREET_DIRECTION,STREET_NAME,BEAT_OF_OCCURRENCE,PHOTOS_TAKEN_I,STATEMENTS_TAKEN_I,DOORING_I,WORK_ZONE_I,WORK_ZONE_TYPE,WORKERS_PRESENT_I,NUM_UNITS,MOST_SEVERE_INJURY,INJURIES_TOTAL,INJURIES_FATAL,INJURIES_INCAPACITATING,INJURIES_NON_INCAPACITATING,INJURIES_REPORTED_NOT_EVIDENT,INJURIES_NO_INDICATION,INJURIES_UNKNOWN,CRASH_HOUR,CRASH_DAY_OF_WEEK,CRASH_MONTH,LATITUDE,LONGITUDE,LOCATION,Join
JA496205,,11/2/2017 16:30,30,LANE USE MARKING,FUNCTIONING IMPROPERLY,RAIN,DAYLIGHT,TURNING,CENTER TURN LANE,1,STRAIGHT AND LEVEL,WET,NO DEFECTS,ON SCENE,NO INJURY / DRIVE AWAY,Y,,,$500 OR LESS,11/2/2017 16:40,IMPROPER OVERTAKING/PASSING,DRIVING ON WRONG SIDE/WRONG WAY,14,W,95TH ST,634,,,,Y,CONSTRUCTION,,2,NO INDICATION OF INJURY,0,0,0,0,0,9,0,16,5,11,41.72173497,-87.62457092,POINT (-87.624570920334 41.721734965274),1
JA496213,,11/2/2017 16:35,30,NO CONTROLS,NO CONTROLS,RAIN,DAYLIGHT,SIDESWIPE SAME DIRECTION,DIVIDED - W/MEDIAN BARRIER,4,STRAIGHT AND LEVEL,WET,NO DEFECTS,ON SCENE,INJURY AND / OR TOW DUE TO CRASH,,,,"OVER $1,500",11/2/2017 17:00,FAILING TO YIELD RIGHT-OF-WAY,NOT APPLICABLE,3736,W,79TH ST,833,,,,,,,2,NO INDICATION OF INJURY,0,0,0,0,0,3,0,16,5,11,41.74977885,-87.7156447,POINT (-87.71564469663 41.74977885385),1
JA496286,Y,11/2/2017 16:40,30,NO CONTROLS,NO CONTROLS,RAIN,DARKNESS,SIDESWIPE SAME DIRECTION,ONE-WAY,3,STRAIGHT AND LEVEL,WET,NO DEFECTS,ON SCENE,NO INJURY / DRIVE AWAY,,,,"OVER $1,500",11/2/2017 17:40,FAILING TO YIELD RIGHT-OF-WAY,NOT APPLICABLE,7418,S,LAFAYETTE AVE,731,,,,,,,2,NO INDICATION OF INJURY,0,0,0,0,0,2,0,16,5,11,41.75936464,-87.62654619,POINT (-87.626546190801 41.759364642603),1
JA496185,,11/2/2017 16:40,35,NO CONTROLS,NO CONTROLS,RAIN,DUSK,SIDESWIPE SAME DIRECTION,NOT DIVIDED,4,STRAIGHT AND LEVEL,WET,OTHER,ON SCENE,NO INJURY / DRIVE AWAY,,,Y,"OVER $1,500",11/2/2017 16:41,FOLLOWING TOO CLOSELY,UNABLE TO DETERMINE,7251,S,HALSTED ST,732,,,,,,,2,NO INDICATION OF INJURY,0,0,0,0,0,2,0,16,5,11,41.7618825,-87.64418146,POINT (-87.644181462779 41.761882497163),1
JA496293,,11/2/2017 16:45,30,NO CONTROLS,NO CONTROLS,RAIN,"DARKNESS, LIGHTED ROAD",PARKED MOTOR VEHICLE,PARKING LOT,,STRAIGHT AND LEVEL,DRY,UNKNOWN,NOT ON SCENE (DESK REPORT),NO INJURY / DRIVE AWAY,,,,"OVER $1,500",11/2/2017 18:00,UNABLE TO DETERMINE,UNABLE TO DETERMINE,251,E,HURON ST,1834,,,,,,,2,NO INDICATION OF INJURY,0,0,0,0,0,1,0,16,5,11,41.8949033,-87.62074373,POINT (-87.62074372624 41.894903302355),1
JA496216,,11/2/2017 16:45,30,NO CONTROLS,NO CONTROLS,RAIN,DARKNESS,TURNING,NOT DIVIDED,2,STRAIGHT AND LEVEL,WET,NO DEFECTS,ON SCENE,NO INJURY / DRIVE AWAY,,,,$500 OR LESS,11/2/2017 16:49,UNABLE TO DETERMINE,UNABLE TO DETERMINE,4190,N,NARRAGANSETT AVE,1632,,,,,,,2,NO INDICATION OF INJURY,0,0,0,0,0,2,0,16,5,11,41.9564905,-87.78684391,POINT (-87.786843907821 41.956490502969),1
JA536356,,11/2/2017 16:45,30,TRAFFIC SIGNAL,FUNCTIONING PROPERLY,RAIN,DUSK,TURNING,NOT DIVIDED,4,STRAIGHT AND LEVEL,WET,UNKNOWN,NOT ON SCENE (DESK REPORT),NO INJURY / DRIVE AWAY,Y,,,"OVER $1,500",12/4/2017 15:40,IMPROPER TURNING/NO SIGNAL,FAILING TO YIELD RIGHT-OF-WAY,299,W,GRAND AVE,1831,,,,,,,2,NO INDICATION OF INJURY,0,0,0,0,0,3,0,16,5,11,41.89145847,-87.63549713,POINT (-87.635497132847 41.891458469624),1
JA497041,,11/2/2017 16:45,30,NO CONTROLS,NO CONTROLS,RAIN,DAYLIGHT,ANGLE,NOT DIVIDED,2,STRAIGHT AND LEVEL,WET,UNKNOWN,NOT ON SCENE (DESK REPORT),NO INJURY / DRIVE AWAY,,,,"$501 - $1,500",11/3/2017 11:00,UNABLE TO DETERMINE,UNABLE TO DETERMINE,1827,S,ASHLAND AVE,1233,,,,,,,2,NO INDICATION OF INJURY,0,0,0,0,0,2,0,16,5,11,41.85693192,-87.6659771,POINT (-87.665977103315 41.856931922123),1
JA496214,,11/2/2017 16:54,25,STOP SIGN/FLASHER,FUNCTIONING PROPERLY,RAIN,DAYLIGHT,TURNING,NOT DIVIDED,2,STRAIGHT AND LEVEL,WET,NO DEFECTS,ON SCENE,NO INJURY / DRIVE AWAY,Y,,,"$501 - $1,500",11/2/2017 16:54,UNABLE TO DETERMINE,NOT APPLICABLE,2040,W,DEVON AVE,2412,,,,,,,2,NO INDICATION OF INJURY,0,0,0,0,0,2,0,16,5,11,41.99797797,-87.68175763,POINT (-87.681757634348 41.997977964588),1
JA496361,,11/2/2017 16:55,30,NO CONTROLS,NO CONTROLS,RAIN,"DARKNESS, LIGHTED ROAD",SIDESWIPE SAME DIRECTION,DIVIDED - W/MEDIAN (NOT RAISED),2,STRAIGHT AND LEVEL,WET,NO DEFECTS,NOT ON SCENE (DESK REPORT),NO INJURY / DRIVE AWAY,,,Y,$500 OR LESS,11/2/2017 18:30,UNABLE TO DETERMINE,NOT APPLICABLE,230,S,KOSTNER AVE,1113,,,,,,,2,NO INDICATION OF INJURY,0,0,0,0,0,2,0,16,5,11,41.87700845,-87.73549752,POINT (-87.735497517204 41.877008454134),1
JA496231,,11/2/2017 17:00,35,NO CONTROLS,NO CONTROLS,RAIN,DUSK,REAR END,DIVIDED - W/MEDIAN BARRIER,,STRAIGHT AND LEVEL,WET,NO DEFECTS,ON SCENE,INJURY AND / OR TOW DUE TO CRASH,,,Y,"OVER $1,500",11/2/2017 17:00,EXCEEDING SAFE SPEED FOR CONDITIONS,WEATHER,7700,S,STONY ISLAND AVE,411,,,,,,,2,NO INDICATION OF INJURY,0,0,0,0,0,2,0,17,5,11,41.75502769,-87.58626952,POINT (-87.586269521734 41.755027686811),1
JA496381,,11/2/2017 17:00,30,STOP SIGN/FLASHER,FUNCTIONING PROPERLY,RAIN,DUSK,SIDESWIPE SAME DIRECTION,ONE-WAY,4,STRAIGHT AND LEVEL,WET,NO DEFECTS,NOT ON SCENE (DESK REPORT),NO INJURY / DRIVE AWAY,,,,"OVER $1,500",11/2/2017 19:00,FAILING TO REDUCE SPEED TO AVOID CRASH,FAILING TO REDUCE SPEED TO AVOID CRASH,4134,S,WENTWORTH AVE,925,,,,,,,2,NO INDICATION OF INJURY,0,0,0,0,0,2,0,17,5,11,41.81901992,-87.63141581,POINT (-87.631415806113 41.819019920191),1
JA506016,,11/2/2017 17:00,25,TRAFFIC SIGNAL,FUNCTIONING PROPERLY,CLEAR,DAYLIGHT,HEAD ON,NOT DIVIDED,,STRAIGHT AND LEVEL,UNKNOWN,UNKNOWN,NOT ON SCENE (DESK REPORT),NO INJURY / DRIVE AWAY,,,Y,"OVER $1,500",11/10/2017 7:54,IMPROPER BACKING,FAILING TO YIELD RIGHT-OF-WAY,4800,W,PALMER ST,2522,,,,,,,2,NO INDICATION OF INJURY,0,0,0,0,0,2,0,17,5,11,41.92069303,-87.74627462,POINT (-87.746274619283 41.920693034148),1
JA496258,,11/2/2017 17:00,30,NO CONTROLS,NO CONTROLS,RAIN,DAYLIGHT,SIDESWIPE SAME DIRECTION,DIVIDED - W/MEDIAN (NOT RAISED),,STRAIGHT AND LEVEL,WET,UNKNOWN,NOT ON SCENE (DESK REPORT),NO INJURY / DRIVE AWAY,,,,"OVER $1,500",11/2/2017 17:30,UNABLE TO DETERMINE,UNABLE TO DETERMINE,2020,W,TAYLOR ST,1225,,,,,,,2,NO INDICATION OF INJURY,0,0,0,0,0,2,0,17,5,11,41.86920448,-87.67704283,POINT (-87.677042830378 41.869204481203),1
JA498446,,11/2/2017 17:00,30,NO CONTROLS,NO CONTROLS,RAIN,DUSK,SIDESWIPE SAME DIRECTION,NOT DIVIDED,2,STRAIGHT AND LEVEL,WET,NO DEFECTS,NOT ON SCENE (DESK REPORT),NO INJURY / DRIVE AWAY,,,,"OVER $1,500",11/4/2017 11:06,UNABLE TO DETERMINE,UNABLE TO DETERMINE,4600,N,LINCOLN AVE,1911,,,,,,,2,NO INDICATION OF INJURY,0,0,0,0,0,2,0,17,5,11,41.96490236,-87.68627917,POINT (-87.686279170841 41.964902360748),1
JA496378,,11/2/2017 17:00,30,NO CONTROLS,NO CONTROLS,RAIN,"DARKNESS, LIGHTED ROAD",PARKED MOTOR VEHICLE,ONE-WAY,2,STRAIGHT AND LEVEL,WET,NO DEFECTS,NOT ON SCENE (DESK REPORT),NO INJURY / DRIVE AWAY,,,Y,"$501 - $1,500",11/2/2017 18:30,UNABLE TO DETERMINE,UNABLE TO DETERMINE,7800,S,STATE ST,623,,,,,,,2,NO INDICATION OF INJURY,0,0,0,0,0,1,0,17,5,11,41.75272454,-87.6247509,POINT (-87.624750901483 41.752724536746),1
JA496612,,11/2/2017 17:00,30,TRAFFIC SIGNAL,FUNCTIONING PROPERLY,RAIN,DUSK,REAR END,NOT DIVIDED,,STRAIGHT AND LEVEL,WET,NO DEFECTS,NOT ON SCENE (DESK REPORT),NO INJURY / DRIVE AWAY,,,,"$501 - $1,500",11/2/2017 22:00,IMPROPER LANE USAGE,UNABLE TO DETERMINE,799,W,DIVISION ST,1822,,,,,,,2,NO INDICATION OF INJURY,0,0,0,0,0,2,0,17,5,11,41.90352767,-87.64807365,POINT (-87.648073645642 41.903527671183),1
JA496235,,11/2/2017 17:00,15,NO CONTROLS,NO CONTROLS,RAIN,DUSK,FIXED OBJECT,ALLEY,1,STRAIGHT AND LEVEL,WET,NO DEFECTS,ON SCENE,NO INJURY / DRIVE AWAY,,,Y,"OVER $1,500",11/2/2017 17:16,UNABLE TO DETERMINE,UNABLE TO DETERMINE,368,N,HAMLIN AVE,1122,,,,,,,2,NO INDICATION OF INJURY,0,0,0,0,0,2,0,17,5,11,41.8871721,-87.72110454,POINT (-87.72110454062 41.887172102114),1
JA496256,,11/2/2017 17:05,30,NO CONTROLS,NO CONTROLS,RAIN,DUSK,PARKED MOTOR VEHICLE,NOT DIVIDED,2,STRAIGHT AND LEVEL,WET,NO DEFECTS,ON SCENE,NO INJURY / DRIVE AWAY,,,Y,"$501 - $1,500",11/2/2017 17:10,UNABLE TO DETERMINE,UNABLE TO DETERMINE,2653,W,DIVISION ST,1211,,,,,,,2,NO INDICATION OF INJURY,0,0,0,0,0,1,0,17,5,11,41.90284073,-87.69406195,POINT (-87.694061946919 41.902840730351),1
JA496856,,11/2/2017 17:05,30,NO CONTROLS,NO CONTROLS,CLEAR,DAYLIGHT,REAR END,NOT DIVIDED,2,STRAIGHT AND LEVEL,DRY,NO DEFECTS,NOT ON SCENE (DESK REPORT),NO INJURY / DRIVE AWAY,,,,"OVER $1,500",11/3/2017 7:20,FOLLOWING TOO CLOSELY,NOT APPLICABLE,4945,W,FOSTER AVE,1623,,,,,,,3,NO INDICATION OF INJURY,0,0,0,0,0,3,0,17,5,11,41.97517108,-87.75216025,POINT (-87.752160245195 41.975171080007),1
JA496343,,11/2/2017 17:10,30,NO CONTROLS,NO CONTROLS,RAIN,DAYLIGHT,TURNING,DIVIDED - W/MEDIAN BARRIER,,STRAIGHT AND LEVEL,WET,UNKNOWN,NOT ON SCENE (DESK REPORT),NO INJURY / DRIVE AWAY,,,,"OVER $1,500",11/2/2017 18:10,FAILING TO YIELD RIGHT-OF-WAY,UNABLE TO DETERMINE,631,N,LA SALLE DR,1832,,,,,,,2,NO INDICATION OF INJURY,0,0,0,0,0,3,0,17,5,11,41.8932512,-87.63249301,POINT (-87.632493012229 41.893251198465),1
JA496253,,11/2/2017 17:10,35,TRAFFIC SIGNAL,FUNCTIONING PROPERLY,RAIN,DUSK,ANGLE,DIVIDED - W/MEDIAN (NOT RAISED),4,STRAIGHT AND LEVEL,WET,NO DEFECTS,ON SCENE,INJURY AND / OR TOW DUE TO CRASH,Y,,,"OVER $1,500",11/2/2017 17:11,DISREGARDING TRAFFIC SIGNALS,DISREGARDING TRAFFIC SIGNALS,2359,W,13TH ST,1233,,,,,,,2,"REPORTED, NOT EVIDENT",1,0,0,0,1,1,0,17,5,11,41.86468478,-87.68593738,POINT (-87.685937381689 41.86468477618),1
JA496280,,11/2/2017 17:15,30,TRAFFIC SIGNAL,FUNCTIONING PROPERLY,RAIN,"DARKNESS, LIGHTED ROAD",TURNING,DIVIDED - W/MEDIAN (NOT RAISED),3,STRAIGHT AND LEVEL,WET,NO DEFECTS,ON SCENE,NO INJURY / DRIVE AWAY,,,,"$501 - $1,500",11/2/2017 17:17,IMPROPER TURNING/NO SIGNAL,FAILING TO YIELD RIGHT-OF-WAY,757,N,FAIRBANKS CT,1833,,,,,,,2,NO INDICATION OF INJURY,0,0,0,0,0,3,0,17,5,11,41.89673792,-87.62022135,POINT (-87.620221354034 41.896737923045),1
JA496285,,11/2/2017 17:18,30,TRAFFIC SIGNAL,FUNCTIONING PROPERLY,CLEAR,DAYLIGHT,REAR END,DIVIDED - W/MEDIAN (NOT RAISED),4,STRAIGHT AND LEVEL,DRY,NO DEFECTS,NOT ON SCENE (DESK REPORT),NO INJURY / DRIVE AWAY,,,,"OVER $1,500",11/2/2017 18:00,UNABLE TO DETERMINE,UNABLE TO DETERMINE,1736,W,IRVING PARK RD,1912,,,,,,,2,NO INDICATION OF INJURY,0,0,0,0,0,2,0,17,5,11,41.95434609,-87.67286129,POINT (-87.672861288635 41.954346091152),1
JA496541,,11/2/2017 17:21,30,TRAFFIC SIGNAL,FUNCTIONING PROPERLY,RAIN,"DARKNESS, LIGHTED ROAD",REAR END,NOT DIVIDED,4,STRAIGHT AND LEVEL,WET,NO DEFECTS,NOT ON SCENE (DESK REPORT),NO INJURY / DRIVE AWAY,Y,,Y,"$501 - $1,500",11/2/2017 20:45,FOLLOWING TOO CLOSELY,NOT APPLICABLE,241,N,LA SALLE ST,122,,,,,,,2,NO INDICATION OF INJURY,0,0,0,0,0,2,0,17,5,11,41.88678923,-87.63233334,POINT (-87.632333342201 41.886789231804),1
JA496245,,11/2/2017 17:24,30,TRAFFIC SIGNAL,FUNCTIONING PROPERLY,RAIN,DUSK,TURNING,DIVIDED - W/MEDIAN (NOT RAISED),4,STRAIGHT AND LEVEL,WET,NO DEFECTS,ON SCENE,INJURY AND / OR TOW DUE TO CRASH,Y,,,"OVER $1,500",11/2/2017 17:24,FAILING TO YIELD RIGHT-OF-WAY,IMPROPER TURNING/NO SIGNAL,4802,W,MADISON ST,1533,,,,,,,2,NO INDICATION OF INJURY,0,0,0,0,0,2,0,17,5,11,41.88060537,-87.74547106,POINT (-87.745471064048 41.880605365817),1
JA496271,,11/2/2017 17:25,30,TRAFFIC SIGNAL,FUNCTIONING PROPERLY,RAIN,"DARKNESS, LIGHTED ROAD",PEDALCYCLIST,DIVIDED - W/MEDIAN (NOT RAISED),5,STRAIGHT AND LEVEL,WET,UNKNOWN,ON SCENE,NO INJURY / DRIVE AWAY,,,,"$501 - $1,500",11/2/2017 17:45,FAILING TO YIELD RIGHT-OF-WAY,NOT APPLICABLE,199,W,HARRISON ST,123,,Y,Y,,,,2,NO INDICATION OF INJURY,0,0,0,0,0,2,0,17,5,11,41.87437177,-87.63360144,POINT (-87.633601440789 41.874371773539),1
JA499852,,11/2/2017 17:30,30,TRAFFIC SIGNAL,FUNCTIONING PROPERLY,CLEAR,DAYLIGHT,PEDESTRIAN,DIVIDED - W/MEDIAN (NOT RAISED),2,STRAIGHT AND LEVEL,UNKNOWN,UNKNOWN,NOT ON SCENE (DESK REPORT),INJURY AND / OR TOW DUE TO CRASH,Y,,Y,"$501 - $1,500",11/5/2017 12:30,FAILING TO YIELD RIGHT-OF-WAY,UNABLE TO DETERMINE,8301,S,DR MARTIN LUTHER KING JR DR,632,,,,,,,2,"REPORTED, NOT EVIDENT",1,0,0,0,1,1,0,17,5,11,41.74373153,-87.61458927,POINT (-87.614589274097 41.743731530644),1
JA497406,,11/2/2017 17:30,30,NO CONTROLS,NO CONTROLS,RAIN,DUSK,REAR END,NOT DIVIDED,,STRAIGHT AND LEVEL,UNKNOWN,UNKNOWN,NOT ON SCENE (DESK REPORT),INJURY AND / OR TOW DUE TO CRASH,,,,"OVER $1,500",11/3/2017 15:15,UNABLE TO DETERMINE,UNABLE TO DETERMINE,2340,S,HALSTED ST,1235,,,,,,,2,NONINCAPACITATING INJURY,1,0,0,1,0,2,0,17,5,11,41.84946329,-87.646622,POINT (-87.646621999356 41.849463293732),1
JA496311,,11/2/2017 17:30,30,NO CONTROLS,NO CONTROLS,RAIN,DARKNESS,ANGLE,ALLEY,,STRAIGHT AND LEVEL,WET,NO DEFECTS,NOT ON SCENE (DESK REPORT),NO INJURY / DRIVE AWAY,,,,"OVER $1,500",11/2/2017 17:40,IMPROPER BACKING,NOT APPLICABLE,1119,W,CULLERTON ST,1235,,,,,,,2,NO INDICATION OF INJURY,0,0,0,0,0,3,0,17,5,11,41.8551254,-87.65390951,POINT (-87.653909512903 41.855125399084),1
JA496296,,11/2/2017 17:35,30,NO CONTROLS,NO CONTROLS,RAIN,"DARKNESS, LIGHTED ROAD",REAR END,NOT DIVIDED,6,STRAIGHT AND LEVEL,WET,NO DEFECTS,NOT ON SCENE (DESK REPORT),INJURY AND / OR TOW DUE TO CRASH,,,,"OVER $1,500",11/2/2017 18:00,UNABLE TO DETERMINE,NOT APPLICABLE,851,N,LA SALLE DR,1832,,,,,,,3,NONINCAPACITATING INJURY,2,0,0,2,0,2,0,17,5,11,41.89812143,-87.63259768,POINT (-87.632597680188 41.898121433156),1
JA496305,,11/2/2017 17:35,30,TRAFFIC SIGNAL,FUNCTIONING PROPERLY,RAIN,"DARKNESS, LIGHTED ROAD",SIDESWIPE SAME DIRECTION,CENTER TURN LANE,,STRAIGHT AND LEVEL,WET,NO DEFECTS,ON SCENE,NO INJURY / DRIVE AWAY,,,,"OVER $1,500",11/2/2017 17:41,UNABLE TO DETERMINE,DRIVING SKILLS/KNOWLEDGE/EXPERIENCE,459,N,HOMAN AVE,1123,,,,,,,2,NO INDICATION OF INJURY,0,0,0,0,0,4,0,17,5,11,41.89000693,-87.71112534,POINT (-87.711125342195 41.890006932904),1
JA496282,,11/2/2017 17:35,30,STOP SIGN/FLASHER,FUNCTIONING PROPERLY,RAIN,"DARKNESS, LIGHTED ROAD",ANGLE,DIVIDED - W/MEDIAN (NOT RAISED),2,STRAIGHT AND LEVEL,WET,NO DEFECTS,ON SCENE,INJURY AND / OR TOW DUE TO CRASH,Y,,,"OVER $1,500",11/2/2017 17:36,UNABLE TO DETERMINE,UNABLE TO DETERMINE,5800,S,HALSTED ST,712,,,,,,,2,NONINCAPACITATING INJURY,1,0,0,1,0,2,0,17,5,11,41.78880239,-87.64516176,POINT (-87.645161755622 41.788802393938),1
JA496333,,11/2/2017 17:40,25,NO CONTROLS,NO CONTROLS,RAIN,"DARKNESS, LIGHTED ROAD",TURNING,DIVIDED - W/MEDIAN (NOT RAISED),2,STRAIGHT AND LEVEL,WET,NO DEFECTS,NOT ON SCENE (DESK REPORT),NO INJURY / DRIVE AWAY,,,,"$501 - $1,500",11/2/2017 18:12,UNABLE TO DETERMINE,UNABLE TO DETERMINE,4700,S,LAWNDALE AVE,821,,,,,,,2,NO INDICATION OF INJURY,0,0,0,0,0,2,0,17,5,11,41.80790245,-87.71637597,POINT (-87.716375968062 41.807902449705),1
JA496328,,11/2/2017 17:41,30,NO CONTROLS,NO CONTROLS,RAIN,"DARKNESS, LIGHTED ROAD",TURNING,DIVIDED - W/MEDIAN (NOT RAISED),,STRAIGHT AND LEVEL,WET,NO DEFECTS,,NO INJURY / DRIVE AWAY,Y,,,"$501 - $1,500",11/2/2017 18:00,FAILING TO YIELD RIGHT-OF-WAY,NOT APPLICABLE,6927,W,ARCHER AVE,811,,,,,,,2,NO INDICATION OF INJURY,0,0,0,0,0,2,0,17,5,11,41.79197878,-87.79517104,POINT (-87.795171035965 41.791978784322),1
JA497062,,11/2/2017 17:42,30,TRAFFIC SIGNAL,FUNCTIONING PROPERLY,CLEAR,DUSK,REAR END,DIVIDED - W/MEDIAN (NOT RAISED),2,STRAIGHT AND LEVEL,DRY,NO DEFECTS,NOT ON SCENE (DESK REPORT),NO INJURY / DRIVE AWAY,,,,"$501 - $1,500",11/3/2017 11:00,FOLLOWING TOO CLOSELY,FOLLOWING TOO CLOSELY,2809,N,KEDZIE AVE,1411,,,,,,,2,NO INDICATION OF INJURY,0,0,0,0,0,2,0,17,5,11,41.93235342,-87.70728981,POINT (-87.707289811345 41.932353416387),1
JA496499,,11/2/2017 17:45,30,NO CONTROLS,NO CONTROLS,RAIN,DARKNESS,REAR END,DIVIDED - W/MEDIAN (NOT RAISED),2,STRAIGHT AND LEVEL,WET,NO DEFECTS,NOT ON SCENE (DESK REPORT),NO INJURY / DRIVE AWAY,Y,,Y,"$501 - $1,500",11/2/2017 20:12,UNABLE TO DETERMINE,NOT APPLICABLE,380,E,71ST ST,322,,,,,,,2,NO INDICATION OF INJURY,0,0,0,0,0,2,0,17,5,11,41.76581938,-87.61534677,POINT (-87.615346765287 41.765819375359),1
JA496295,,11/2/2017 17:45,30,TRAFFIC SIGNAL,FUNCTIONING PROPERLY,RAIN,"DARKNESS, LIGHTED ROAD",REAR END,DIVIDED - W/MEDIAN (NOT RAISED),,STRAIGHT AND LEVEL,WET,NO DEFECTS,ON SCENE,NO INJURY / DRIVE AWAY,,,Y,"$501 - $1,500",11/2/2017 17:50,DISTRACTION - FROM INSIDE VEHICLE,UNABLE TO DETERMINE,8100,S,LAFAYETTE AVE,622,,,,,,,2,NO INDICATION OF INJURY,0,0,0,0,0,2,0,17,5,11,41.74718844,-87.62586281,POINT (-87.625862808928 41.747188444365),1
JA496317,,11/2/2017 17:50,30,NO CONTROLS,NO CONTROLS,RAIN,"DARKNESS, LIGHTED ROAD",PARKED MOTOR VEHICLE,ALLEY,1,STRAIGHT AND LEVEL,WET,NO DEFECTS,ON SCENE,NO INJURY / DRIVE AWAY,,,Y,"OVER $1,500",11/2/2017 17:55,IMPROPER OVERTAKING/PASSING,NOT APPLICABLE,741,N,HARDING AVE,1112,,,,,,,2,NO INDICATION OF INJURY,0,0,0,0,0,1,0,17,5,11,41.89481674,-87.72469782,POINT (-87.724697818598 41.894816734823),1
JA496303,,11/2/2017 17:50,30,TRAFFIC SIGNAL,FUNCTIONING PROPERLY,RAIN,DARKNESS,SIDESWIPE SAME DIRECTION,NOT DIVIDED,2,STRAIGHT AND LEVEL,WET,NO DEFECTS,ON SCENE,NO INJURY / DRIVE AWAY,,,Y,$500 OR LESS,11/2/2017 18:02,DRIVING SKILLS/KNOWLEDGE/EXPERIENCE,UNABLE TO DETERMINE,8100,S,DR MARTIN LUTHER KING JR DR,631,,,,,,,2,NO INDICATION OF INJURY,0,0,0,0,0,2,0,17,5,11,41.74736947,-87.61501478,POINT (-87.61501478186 41.747369471252),1
JA496420,,11/2/2017 17:54,30,NO CONTROLS,NO CONTROLS,RAIN,DARKNESS,SIDESWIPE SAME DIRECTION,ONE-WAY,2,STRAIGHT AND LEVEL,WET,NO DEFECTS,NOT ON SCENE (DESK REPORT),NO INJURY / DRIVE AWAY,,,Y,$500 OR LESS,11/2/2017 19:16,IMPROPER OVERTAKING/PASSING,NOT APPLICABLE,77,E,ADAMS ST,113,,,,,,,2,NO INDICATION OF INJURY,0,0,0,0,0,2,0,17,5,11,41.87943624,-87.62485436,POINT (-87.624854359052 41.87943624279),1
JA496336,,11/2/2017 17:59,30,TRAFFIC SIGNAL,FUNCTIONING PROPERLY,RAIN,"DARKNESS, LIGHTED ROAD",REAR END,DIVIDED - W/MEDIAN (NOT RAISED),4,STRAIGHT ON GRADE,WET,WORN SURFACE,ON SCENE,NO INJURY / DRIVE AWAY,Y,,Y,"$501 - $1,500",11/2/2017 17:59,UNABLE TO DETERMINE,UNABLE TO DETERMINE,3533,E,95TH ST,432,,,,,,,3,NO INDICATION OF INJURY,0,0,0,0,0,4,0,17,5,11,41.72281756,-87.53764818,POINT (-87.53764817745 41.72281756117),1
JA496391,,11/2/2017 18:00,30,NO CONTROLS,NO CONTROLS,RAIN,DAYLIGHT,REAR END,DIVIDED - W/MEDIAN (NOT RAISED),2,STRAIGHT AND LEVEL,WET,UNKNOWN,NOT ON SCENE (DESK REPORT),INJURY AND / OR TOW DUE TO CRASH,,,,"$501 - $1,500",11/2/2017 19:00,UNABLE TO DETERMINE,UNABLE TO DETERMINE,6358,S,HALSTED ST,723,,,,,,,2,"REPORTED, NOT EVIDENT",1,0,0,0,1,1,0,18,5,11,41.77801498,-87.64488901,POINT (-87.644889007928 41.778014982691),1
JA496309,,11/2/2017 18:00,30,TRAFFIC SIGNAL,FUNCTIONING PROPERLY,RAIN,"DARKNESS, LIGHTED ROAD",PEDESTRIAN,OTHER,,STRAIGHT AND LEVEL,WET,WORN SURFACE,ON SCENE,INJURY AND / OR TOW DUE TO CRASH,Y,,,$500 OR LESS,11/2/2017 18:25,UNABLE TO DETERMINE,UNABLE TO DETERMINE,360,N,LOWER MICHIGAN AVE,111,,,,,,,2,NONINCAPACITATING INJURY,1,0,0,1,0,1,0,18,5,11,41.88816689,-87.62472666,POINT (-87.624726656503 41.888166884586),1