RD_NO,CRASH_DATE_EST_I,CRASH_DATE,POSTED_SPEED_LIMIT,TRAFFIC_CONTROL_DEVICE,DEVICE_CONDITION,WEATHER_CONDITION,LIGHTING_CONDITION,FIRST_CRASH_TYPE,TRAFFICWAY_TYPE,LANE_CNT,ALIGNMENT,ROADWAY_SURFACE_COND,ROAD_DEFECT,REPORT_TYPE,CRASH_TYPE,INTERSECTION_RELATED_I,NOT_RIGHT_OF_WAY_I,HIT_AND_RUN_I,DAMAGE,DATE_POLICE_NOTIFIED,PRIM_CONTRIBUTORY_CAUSE,SEC_CONTRIBUTORY_CAUSE,STREET_NO,STREET_DIRECTION,STREET_NAME,BEAT_OF_OCCURRENCE,PHOTOS_TAKEN_I,STATEMENTS_TAKEN_I,DOORING_I,WORK_ZONE_I,WORK_ZONE_TYPE,WORKERS_PRESENT_I,NUM_UNITS,MOST_SEVERE_INJURY,INJURIES_TOTAL,INJURIES_FATAL,INJURIES_INCAPACITATING,INJURIES_NON_INCAPACITATING,INJURIES_REPORTED_NOT_EVIDENT,INJURIES_NO_INDICATION,INJURIES_UNKNOWN,CRASH_HOUR,CRASH_DAY_OF_WEEK,CRASH_MONTH,LATITUDE,LONGITUDE,LOCATION,Join
JA496349,,11/2/2017 18:00,30,NO CONTROLS,NO CONTROLS,RAIN,"DARKNESS, LIGHTED ROAD",REAR END,DIVIDED - W/MEDIAN (NOT RAISED),2,STRAIGHT AND LEVEL,WET,UNKNOWN,NOT ON SCENE (DESK REPORT),NO INJURY / DRIVE AWAY,,,Y,"OVER $1,500",11/2/2017 18:15,FOLLOWING TOO CLOSELY,WEATHER,10918,S,KEDZIE AVE,2211,,,,,,,4,NO INDICATION OF INJURY,0,0,0,0,0,4,0,18,5,11,41.69461474,-87.70107466,POINT (-87.701074664196 41.694614740358),1
JA496619,,11/2/2017 18:00,35,NO CONTROLS,NO CONTROLS,RAIN,"DARKNESS, LIGHTED ROAD",SIDESWIPE SAME DIRECTION,CENTER TURN LANE,4,STRAIGHT AND LEVEL,WET,NO DEFECTS,NOT ON SCENE (DESK REPORT),NO INJURY / DRIVE AWAY,,,Y,$500 OR LESS,11/2/2017 18:05,IMPROPER LANE USAGE,FAILING TO YIELD RIGHT-OF-WAY,4500,W,MONTROSE AVE,1722,,,,,,,2,NO INDICATION OF INJURY,0,0,0,0,0,2,0,18,5,11,41.96090656,-87.74124787,POINT (-87.741247869217 41.960906555116),1
JA496341,,11/2/2017 18:00,30,NO CONTROLS,NO CONTROLS,RAIN,"DARKNESS, LIGHTED ROAD",PEDALCYCLIST,NOT DIVIDED,,STRAIGHT AND LEVEL,WET,WORN SURFACE,ON SCENE,NO INJURY / DRIVE AWAY,,,,$500 OR LESS,11/2/2017 18:16,IMPROPER LANE USAGE,IMPROPER LANE USAGE,1213,N,WELLS ST,1821,,,,,,,2,NO INDICATION OF INJURY,0,0,0,0,0,2,0,18,5,11,41.90428063,-87.6343479,POINT (-87.634347903437 41.904280629193),1
JA496929,,11/2/2017 18:00,0,NO CONTROLS,NO CONTROLS,RAIN,DAYLIGHT,PARKED MOTOR VEHICLE,NOT DIVIDED,4,STRAIGHT AND LEVEL,WET,NO DEFECTS,NOT ON SCENE (DESK REPORT),NO INJURY / DRIVE AWAY,,,,"OVER $1,500",11/3/2017 9:00,IMPROPER LANE USAGE,WEATHER,1767,W,95TH ST,2213,,,,,,,2,NO INDICATION OF INJURY,0,0,0,0,0,1,0,18,5,11,41.72103846,-87.66739768,POINT (-87.667397680485 41.721038458772),1
JA497700,,11/2/2017 18:00,30,NO CONTROLS,NO CONTROLS,RAIN,"DARKNESS, LIGHTED ROAD",TURNING,NOT DIVIDED,2,STRAIGHT AND LEVEL,WET,NO DEFECTS,NOT ON SCENE (DESK REPORT),NO INJURY / DRIVE AWAY,,,,"OVER $1,500",11/3/2017 18:17,IMPROPER LANE USAGE,UNABLE TO DETERMINE,6344,S,DR MARTIN LUTHER KING JR DR,312,,,,,,,2,NO INDICATION OF INJURY,0,0,0,0,0,3,0,18,5,11,41.77898204,-87.61574332,POINT (-87.61574331626 41.778982040044),1
JA496413,,11/2/2017 18:00,35,TRAFFIC SIGNAL,FUNCTIONING PROPERLY,RAIN,"DARKNESS, LIGHTED ROAD",PEDESTRIAN,DIVIDED - W/MEDIAN BARRIER,4,STRAIGHT AND LEVEL,WET,NO DEFECTS,ON SCENE,INJURY AND / OR TOW DUE TO CRASH,Y,,,$500 OR LESS,11/2/2017 18:05,IMPROPER TURNING/NO SIGNAL,NOT APPLICABLE,414,S,ASHLAND AVE,1231,,,,,,,2,"REPORTED, NOT EVIDENT",1,0,0,0,1,1,0,18,5,11,41.87590106,-87.66679696,POINT (-87.666796954846 41.875901058823),1
JA496351,,11/2/2017 18:05,30,NO CONTROLS,NO CONTROLS,RAIN,DUSK,REAR END,NOT DIVIDED,,STRAIGHT AND LEVEL,WET,NO DEFECTS,ON SCENE,NO INJURY / DRIVE AWAY,,,Y,"OVER $1,500",11/2/2017 18:20,IMPROPER OVERTAKING/PASSING,NOT APPLICABLE,2710,N,NARRAGANSETT AVE,2512,,,,,,,2,NO INDICATION OF INJURY,0,0,0,0,0,2,0,18,5,11,41.92954173,-87.7858049,POINT (-87.785804894618 41.929541728742),1
JA496501,,11/2/2017 18:06,30,NO CONTROLS,NO CONTROLS,RAIN,"DARKNESS, LIGHTED ROAD",REAR END,DIVIDED - W/MEDIAN (NOT RAISED),,STRAIGHT AND LEVEL,WET,NO DEFECTS,NOT ON SCENE (DESK REPORT),NO INJURY / DRIVE AWAY,,,Y,"OVER $1,500",11/2/2017 19:45,WEATHER,NOT APPLICABLE,1345,N,HUMBOLDT DR,1423,,,,,,,3,NO INDICATION OF INJURY,0,0,0,0,0,3,0,18,5,11,41.9059877,-87.70140049,POINT (-87.701400492651 41.905987696157),1
JA496700,,11/2/2017 18:09,30,TRAFFIC SIGNAL,FUNCTIONING PROPERLY,CLEAR,DUSK,REAR END,DIVIDED - W/MEDIAN (NOT RAISED),2,STRAIGHT AND LEVEL,UNKNOWN,UNKNOWN,NOT ON SCENE (DESK REPORT),INJURY AND / OR TOW DUE TO CRASH,Y,,Y,"OVER $1,500",11/2/2017 22:15,FOLLOWING TOO CLOSELY,UNABLE TO DETERMINE,7010,S,WENTWORTH AVE,731,,,,,,,3,NONINCAPACITATING INJURY,1,0,0,1,0,3,0,18,5,11,41.76687861,-87.62995499,POINT (-87.629954993679 41.766878610918),1
JA496416,,11/2/2017 18:10,30,TRAFFIC SIGNAL,FUNCTIONING PROPERLY,CLEAR,"DARKNESS, LIGHTED ROAD",TURNING,NOT DIVIDED,4,STRAIGHT ON GRADE,WET,NO DEFECTS,NOT ON SCENE (DESK REPORT),NO INJURY / DRIVE AWAY,Y,,,"OVER $1,500",11/2/2017 19:00,FAILING TO YIELD RIGHT-OF-WAY,NOT APPLICABLE,303,E,WACKER DR,114,,,,,,,2,NO INDICATION OF INJURY,0,0,0,0,0,2,0,18,5,11,41.88770538,-87.62058814,POINT (-87.620588143928 41.887705379378),1
JA496338,Y,11/2/2017 18:10,30,TRAFFIC SIGNAL,FUNCTIONING PROPERLY,RAIN,"DARKNESS, LIGHTED ROAD",REAR END,DIVIDED - W/MEDIAN (NOT RAISED),,STRAIGHT AND LEVEL,WET,NO DEFECTS,NOT ON SCENE (DESK REPORT),NO INJURY / DRIVE AWAY,,,,"OVER $1,500",11/2/2017 18:20,DRIVING SKILLS/KNOWLEDGE/EXPERIENCE,NOT APPLICABLE,5558,W,NORTH AVE,2532,,,,,,,2,NO INDICATION OF INJURY,0,0,0,0,0,4,0,18,5,11,41.90949005,-87.76557662,POINT (-87.76557661503 41.909490053066),1
JA496489,,11/2/2017 18:12,30,NO CONTROLS,NO CONTROLS,RAIN,"DARKNESS, LIGHTED ROAD",PARKED MOTOR VEHICLE,NOT DIVIDED,,STRAIGHT AND LEVEL,WET,NO DEFECTS,ON SCENE,INJURY AND / OR TOW DUE TO CRASH,,,,"OVER $1,500",11/2/2017 19:45,UNABLE TO DETERMINE,NOT APPLICABLE,7334,S,BELL AVE,835,,,,,,,2,NO INDICATION OF INJURY,0,0,0,0,0,2,0,18,5,11,41.76004081,-87.67949288,POINT (-87.679492876081 41.76004080771),1
JA501501,,11/2/2017 18:15,30,TRAFFIC SIGNAL,FUNCTIONING PROPERLY,RAIN,DARKNESS,PEDESTRIAN,NOT DIVIDED,,STRAIGHT AND LEVEL,WET,NO DEFECTS,NOT ON SCENE (DESK REPORT),INJURY AND / OR TOW DUE TO CRASH,Y,,,$500 OR LESS,11/6/2017 17:30,UNABLE TO DETERMINE,UNABLE TO DETERMINE,6300,S,STEWART AVE,722,,,,,,,2,NONINCAPACITATING INJURY,1,0,0,1,0,1,0,18,5,11,41.77981675,-87.6351942,POINT (-87.635194202493 41.779816752642),1
JA496410,,11/2/2017 18:15,30,NO CONTROLS,NO CONTROLS,RAIN,"DARKNESS, LIGHTED ROAD",REAR END,NOT DIVIDED,4,STRAIGHT AND LEVEL,WET,NO DEFECTS,NOT ON SCENE (DESK REPORT),NO INJURY / DRIVE AWAY,,,,"OVER $1,500",11/2/2017 19:00,FOLLOWING TOO CLOSELY,UNABLE TO DETERMINE,6451,N,NORTHWEST HWY,1611,,,,,,,2,NO INDICATION OF INJURY,0,0,0,0,0,2,0,18,5,11,41.99808325,-87.8083977,POINT (-87.808397702977 41.998083251992),1
JA496374,,11/2/2017 18:15,45,NO CONTROLS,NO CONTROLS,RAIN,"DARKNESS, LIGHTED ROAD",REAR END,DIVIDED - W/MEDIAN BARRIER,8,STRAIGHT AND LEVEL,WET,NO DEFECTS,ON SCENE,NO INJURY / DRIVE AWAY,,,Y,"OVER $1,500",11/2/2017 18:16,EXCEEDING SAFE SPEED FOR CONDITIONS,WEATHER,4600,S,LAKE SHORE DR SB,222,,,,,,,3,NO INDICATION OF INJURY,0,0,0,0,0,4,0,18,5,11,41.81306812,-87.59152857,POINT (-87.591528570871 41.813068123934),1
JA496347,,11/2/2017 18:15,30,NO CONTROLS,NO CONTROLS,RAIN,"DARKNESS, LIGHTED ROAD",PEDALCYCLIST,NOT DIVIDED,,STRAIGHT AND LEVEL,WET,NO DEFECTS,ON SCENE,INJURY AND / OR TOW DUE TO CRASH,,,,$500 OR LESS,11/2/2017 18:21,FAILING TO REDUCE SPEED TO AVOID CRASH,NOT APPLICABLE,3750,W,MADISON ST,1122,,,,,,,2,"REPORTED, NOT EVIDENT",1,0,0,0,1,4,0,18,5,11,41.88091398,-87.71967408,POINT (-87.719674074666 41.880913982762),1
JA496453,,11/2/2017 18:15,30,NO CONTROLS,NO CONTROLS,RAIN,DUSK,PARKED MOTOR VEHICLE,ONE-WAY,,STRAIGHT AND LEVEL,WET,NO DEFECTS,NOT ON SCENE (DESK REPORT),NO INJURY / DRIVE AWAY,,,Y,"OVER $1,500",11/2/2017 19:19,NOT APPLICABLE,NOT APPLICABLE,3142,W,42ND ST,921,,,,,,,2,NO INDICATION OF INJURY,0,0,0,0,0,1,0,18,5,11,41.81732099,-87.70354501,POINT (-87.703545013092 41.817320992864),1
JA496521,,11/2/2017 18:15,30,TRAFFIC SIGNAL,FUNCTIONING PROPERLY,RAIN,"DARKNESS, LIGHTED ROAD",SIDESWIPE SAME DIRECTION,OTHER,,STRAIGHT AND LEVEL,WET,NO DEFECTS,NOT ON SCENE (DESK REPORT),NO INJURY / DRIVE AWAY,,,,"OVER $1,500",11/2/2017 20:00,IMPROPER OVERTAKING/PASSING,IMPROPER OVERTAKING/PASSING,6300,S,STATE ST,312,,,,,,,2,NO INDICATION OF INJURY,0,0,0,0,0,4,0,18,5,11,41.78000828,-87.62552251,POINT (-87.625522511916 41.780008277408),1
JA496383,,11/2/2017 18:20,30,TRAFFIC SIGNAL,FUNCTIONING PROPERLY,RAIN,"DARKNESS, LIGHTED ROAD",REAR END,NOT DIVIDED,,STRAIGHT AND LEVEL,WET,NO DEFECTS,NOT ON SCENE (DESK REPORT),INJURY AND / OR TOW DUE TO CRASH,,,,"OVER $1,500",11/2/2017 18:50,FOLLOWING TOO CLOSELY,WEATHER,2101,N,ELSTON AVE,1432,,,,,,,3,NONINCAPACITATING INJURY,2,0,0,2,0,1,0,18,5,11,41.91979418,-87.66965461,POINT (-87.66965460865 41.919794180072),1
JA496376,,11/2/2017 18:20,30,TRAFFIC SIGNAL,FUNCTIONING PROPERLY,RAIN,"DARKNESS, LIGHTED ROAD",REAR END,DIVIDED - W/MEDIAN (NOT RAISED),4,STRAIGHT AND LEVEL,WET,NO DEFECTS,NOT ON SCENE (DESK REPORT),NO INJURY / DRIVE AWAY,Y,,,"OVER $1,500",11/2/2017 18:45,FOLLOWING TOO CLOSELY,WEATHER,2409,W,NORTH AVE,1423,,,,,,,2,NO INDICATION OF INJURY,0,0,0,0,0,2,0,18,5,11,41.91020618,-87.68761771,POINT (-87.687617706127 41.910206175655),1
JA496439,,11/2/2017 18:20,30,NO CONTROLS,NO CONTROLS,CLEAR,"DARKNESS, LIGHTED ROAD",TURNING,DIVIDED - W/MEDIAN (NOT RAISED),4,STRAIGHT AND LEVEL,DRY,NO DEFECTS,NOT ON SCENE (DESK REPORT),NO INJURY / DRIVE AWAY,Y,,,"OVER $1,500",11/2/2017 19:15,IMPROPER TURNING/NO SIGNAL,NOT APPLICABLE,7322,N,SHERIDAN RD,2423,,,,,,,2,NO INDICATION OF INJURY,0,0,0,0,0,2,0,18,5,11,42.01462245,-87.66462031,POINT (-87.664620310126 42.014622450603),1
JA496826,,11/2/2017 18:20,30,NO CONTROLS,NO CONTROLS,RAIN,"DARKNESS, LIGHTED ROAD",REAR END,DIVIDED - W/MEDIAN (NOT RAISED),2,STRAIGHT AND LEVEL,DRY,NO DEFECTS,NOT ON SCENE (DESK REPORT),NO INJURY / DRIVE AWAY,,,,"$501 - $1,500",11/3/2017 5:38,CELL PHONE USE OTHER THAN TEXTING,UNABLE TO DETERMINE,5321,W,GRAND AVE,2515,,,,,,,2,NO INDICATION OF INJURY,0,0,0,0,0,2,0,18,5,11,41.91745895,-87.75936985,POINT (-87.759369848829 41.917458950143),1
JA496380,,11/2/2017 18:23,25,TRAFFIC SIGNAL,FUNCTIONING PROPERLY,RAIN,"DARKNESS, LIGHTED ROAD",REAR END,ONE-WAY,2,STRAIGHT AND LEVEL,WET,NO DEFECTS,ON SCENE,NO INJURY / DRIVE AWAY,Y,,,$500 OR LESS,11/2/2017 18:33,UNABLE TO DETERMINE,WEATHER,3199,N,LAKE SHORE DR,1934,,,,,,,2,NO INDICATION OF INJURY,0,0,0,0,0,3,0,18,5,11,41.94027995,-87.63864632,POINT (-87.638646318666 41.940279951159),1
JA496393,,11/2/2017 18:24,25,NO CONTROLS,NO CONTROLS,RAIN,"DARKNESS, LIGHTED ROAD",PARKED MOTOR VEHICLE,DIVIDED - W/MEDIAN (NOT RAISED),2,STRAIGHT AND LEVEL,WET,NO DEFECTS,NOT ON SCENE (DESK REPORT),NO INJURY / DRIVE AWAY,,,,"$501 - $1,500",11/2/2017 18:53,UNABLE TO DETERMINE,UNABLE TO DETERMINE,6549,S,KEELER AVE,833,,,,,,,2,NO INDICATION OF INJURY,0,0,0,0,0,1,0,18,5,11,41.77352157,-87.72736182,POINT (-87.727361818307 41.773521572591),1
JA501989,,11/2/2017 18:30,30,UNKNOWN,UNKNOWN,UNKNOWN,"DARKNESS, LIGHTED ROAD",OVERTURNED,DIVIDED - W/MEDIAN (NOT RAISED),2,STRAIGHT AND LEVEL,WET,UNKNOWN,NOT ON SCENE (DESK REPORT),NO INJURY / DRIVE AWAY,,,,"OVER $1,500",11/7/2017 3:00,IMPROPER TURNING/NO SIGNAL,IMPROPER OVERTAKING/PASSING,915,S,INDEPENDENCE BLVD,1133,,,,,,,2,NO INDICATION OF INJURY,0,0,0,0,0,2,0,18,5,11,41.8695062,-87.71948543,POINT (-87.719485425131 41.86950619982),1
JA496494,,11/2/2017 18:30,30,NO CONTROLS,NO CONTROLS,RAIN,DUSK,FIXED OBJECT,DIVIDED - W/MEDIAN BARRIER,6,STRAIGHT AND LEVEL,WET,NO DEFECTS,NOT ON SCENE (DESK REPORT),INJURY AND / OR TOW DUE TO CRASH,,,,"OVER $1,500",11/2/2017 19:31,WEATHER,DISTRACTION - FROM OUTSIDE VEHICLE,9702,S,STONY ISLAND AVE,511,,,,,,,1,NONINCAPACITATING INJURY,1,0,0,1,0,0,0,18,5,11,41.71860513,-87.58522777,POINT (-87.585227768853 41.718605129818),1
JA496396,Y,11/2/2017 18:30,30,TRAFFIC SIGNAL,FUNCTIONING PROPERLY,RAIN,"DARKNESS, LIGHTED ROAD",SIDESWIPE SAME DIRECTION,DIVIDED - W/MEDIAN (NOT RAISED),,STRAIGHT AND LEVEL,WET,NO DEFECTS,ON SCENE,NO INJURY / DRIVE AWAY,,,Y,"OVER $1,500",11/2/2017 18:41,DRIVING SKILLS/KNOWLEDGE/EXPERIENCE,FAILING TO YIELD RIGHT-OF-WAY,2600,S,CALIFORNIA AVE,1033,,,,,,,2,NO INDICATION OF INJURY,0,0,0,0,0,2,0,18,5,11,41.8445843,-87.69535984,POINT (-87.695359843215 41.844584300311),1
JA496900,,11/2/2017 18:30,30,TRAFFIC SIGNAL,FUNCTIONING PROPERLY,RAIN,DARKNESS,TURNING,NOT DIVIDED,4,STRAIGHT AND LEVEL,WET,NO DEFECTS,NOT ON SCENE (DESK REPORT),NO INJURY / DRIVE AWAY,,,,"OVER $1,500",11/3/2017 8:32,FOLLOWING TOO CLOSELY,UNABLE TO DETERMINE,650,W,ROOSEVELT RD,1232,,,,,,,2,NO INDICATION OF INJURY,0,0,0,0,0,2,0,18,5,11,41.86730004,-87.64431132,POINT (-87.644311315991 41.867300042804),1
JA496402,,11/2/2017 18:32,30,TRAFFIC SIGNAL,FUNCTIONING PROPERLY,RAIN,"DARKNESS, LIGHTED ROAD",PEDESTRIAN,NOT DIVIDED,2,STRAIGHT AND LEVEL,WET,NO DEFECTS,ON SCENE,INJURY AND / OR TOW DUE TO CRASH,,,,$500 OR LESS,11/2/2017 18:32,UNABLE TO DETERMINE,FAILING TO REDUCE SPEED TO AVOID CRASH,2547,N,HALSTED ST,1935,,Y,,,,,2,INCAPACITATING INJURY,1,0,1,0,0,1,0,18,5,11,41.92866622,-87.64872669,POINT (-87.648726691763 41.928666219229),1
JA496609,,11/2/2017 18:35,25,STOP SIGN/FLASHER,OTHER,RAIN,DAYLIGHT,ANGLE,ONE-WAY,,STRAIGHT AND LEVEL,WET,NO DEFECTS,NOT ON SCENE (DESK REPORT),INJURY AND / OR TOW DUE TO CRASH,Y,,,"OVER $1,500",11/2/2017 21:57,DISREGARDING STOP SIGN,FAILING TO YIELD RIGHT-OF-WAY,5000,W,ADAMS ST,1533,,,,,,,2,NO INDICATION OF INJURY,0,0,0,0,0,3,0,18,5,11,41.87865136,-87.74955834,POINT (-87.749558340035 41.878651361639),1
JA496561,,11/2/2017 18:40,30,NO CONTROLS,NO CONTROLS,RAIN,"DARKNESS, LIGHTED ROAD",TURNING,ONE-WAY,,STRAIGHT AND LEVEL,WET,NO DEFECTS,NOT ON SCENE (DESK REPORT),NO INJURY / DRIVE AWAY,,,,"$501 - $1,500",11/2/2017 20:55,IMPROPER TURNING/NO SIGNAL,UNABLE TO DETERMINE,6432,W,GREGORY ST,1613,,,,,,,2,NO INDICATION OF INJURY,0,0,0,0,0,2,0,18,5,11,41.98215652,-87.78902415,POINT (-87.789024153741 41.982156515873),1
JA496390,,11/2/2017 18:40,30,STOP SIGN/FLASHER,FUNCTIONING PROPERLY,RAIN,"DARKNESS, LIGHTED ROAD",PEDESTRIAN,NOT DIVIDED,4,STRAIGHT AND LEVEL,WET,NO DEFECTS,ON SCENE,INJURY AND / OR TOW DUE TO CRASH,,,,"OVER $1,500",11/2/2017 18:41,FAILING TO YIELD RIGHT-OF-WAY,NOT APPLICABLE,4100,W,76TH ST,833,,,,,,,2,INCAPACITATING INJURY,1,0,1,0,0,1,0,18,5,11,41.7551635,-87.72455957,POINT (-87.724559570174 41.755163500032),1
JA496408,,11/2/2017 18:40,30,LANE USE MARKING,FUNCTIONING PROPERLY,RAIN,DUSK,PEDESTRIAN,DIVIDED - W/MEDIAN (NOT RAISED),4,STRAIGHT AND LEVEL,WET,NO DEFECTS,ON SCENE,INJURY AND / OR TOW DUE TO CRASH,,,,"OVER $1,500",11/2/2017 18:45,FAILING TO REDUCE SPEED TO AVOID CRASH,UNABLE TO DETERMINE,8421,W,HIGGINS RD,1614,,Y,,,,,2,NONINCAPACITATING INJURY,1,0,0,1,0,1,0,18,5,11,41.98639472,-87.8375623,POINT (-87.837562301234 41.986394717907),1
JA496461,,11/2/2017 18:45,30,TRAFFIC SIGNAL,FUNCTIONING PROPERLY,RAIN,"DARKNESS, LIGHTED ROAD",TURNING,DIVIDED - W/MEDIAN (NOT RAISED),1,STRAIGHT AND LEVEL,WET,NO DEFECTS,ON SCENE,NO INJURY / DRIVE AWAY,,,,"$501 - $1,500",11/2/2017 19:08,IMPROPER TURNING/NO SIGNAL,FAILING TO YIELD RIGHT-OF-WAY,2558,S,KEDZIE AVE,1024,,,,,,,2,NO INDICATION OF INJURY,0,0,0,0,0,2,0,18,5,11,41.84460675,-87.70518908,POINT (-87.705189078476 41.844606751491),1
JA497577,,11/2/2017 18:45,30,NO CONTROLS,NO CONTROLS,RAIN,DUSK,TURNING,NOT DIVIDED,,STRAIGHT AND LEVEL,WET,NO DEFECTS,NOT ON SCENE (DESK REPORT),NO INJURY / DRIVE AWAY,,,,"OVER $1,500",11/2/2017 21:00,NOT APPLICABLE,NOT APPLICABLE,4454,N,WESTERN AVE,1911,,,,,,,2,NO INDICATION OF INJURY,0,0,0,0,0,2,0,18,5,11,41.96293179,-87.68887584,POINT (-87.688875836878 41.962931789839),1
JA496411,,11/2/2017 18:45,30,NO CONTROLS,NO CONTROLS,RAIN,DARKNESS,PEDESTRIAN,PARKING LOT,1,STRAIGHT AND LEVEL,WET,NO DEFECTS,NOT ON SCENE (DESK REPORT),NO INJURY / DRIVE AWAY,,,,$500 OR LESS,11/2/2017 19:06,UNABLE TO DETERMINE,UNABLE TO DETERMINE,4934,S,KEDZIE AVE,821,,,,,,,2,NO INDICATION OF INJURY,0,0,0,0,0,2,0,18,5,11,41.80344571,-87.70398627,POINT (-87.70398627177 41.803445713074),1
JA496423,,11/2/2017 18:45,25,TRAFFIC SIGNAL,FUNCTIONING PROPERLY,RAIN,DARKNESS,ANGLE,NOT DIVIDED,,STRAIGHT AND LEVEL,WET,NO DEFECTS,ON SCENE,INJURY AND / OR TOW DUE TO CRASH,,,,"OVER $1,500",11/2/2017 18:46,FAILING TO YIELD RIGHT-OF-WAY,UNABLE TO DETERMINE,1807,W,HOWARD ST,2422,,,,,,,2,NO INDICATION OF INJURY,0,0,0,0,0,2,0,18,5,11,42.01929392,-87.67634162,POINT (-87.676341620537 42.019293921323),1
JA496398,,11/2/2017 18:45,30,STOP SIGN/FLASHER,FUNCTIONING PROPERLY,RAIN,"DARKNESS, LIGHTED ROAD",PEDESTRIAN,NOT DIVIDED,2,STRAIGHT AND LEVEL,WET,NO DEFECTS,ON SCENE,INJURY AND / OR TOW DUE TO CRASH,,,,$500 OR LESS,11/2/2017 18:45,WEATHER,FAILING TO YIELD RIGHT-OF-WAY,4800,S,WABASH AVE,224,,,,,,,2,NONINCAPACITATING INJURY,1,0,0,1,0,1,0,18,5,11,41.80734841,-87.62455051,POINT (-87.624550512766 41.807348414344),1
JA496472,,11/2/2017 18:47,30,RAILROAD CROSSING GATE,FUNCTIONING PROPERLY,RAIN,DARKNESS,REAR END,NOT DIVIDED,4,STRAIGHT AND LEVEL,WET,NO DEFECTS,NOT ON SCENE (DESK REPORT),NO INJURY / DRIVE AWAY,,,,"$501 - $1,500",11/2/2017 19:45,UNABLE TO DETERMINE,UNABLE TO DETERMINE,12200,S,HALSTED ST,524,,,,,,,2,NO INDICATION OF INJURY,0,0,0,0,0,2,0,18,5,11,41.67226409,-87.6418692,POINT (-87.641869199308 41.672264090383),1
JA496433,,11/2/2017 18:48,30,NO CONTROLS,NO CONTROLS,RAIN,"DARKNESS, LIGHTED ROAD",PARKED MOTOR VEHICLE,NOT DIVIDED,2,STRAIGHT AND LEVEL,WET,NO DEFECTS,ON SCENE,INJURY AND / OR TOW DUE TO CRASH,,,,"OVER $1,500",11/2/2017 18:55,FAILING TO REDUCE SPEED TO AVOID CRASH,NOT APPLICABLE,2505,S,KOLIN AVE,1013,,,,,,,2,NO INDICATION OF INJURY,0,0,0,0,0,2,0,18,5,11,41.8457855,-87.73256073,POINT (-87.732560730748 41.84578550172),1
JA498941,,11/2/2017 18:50,30,TRAFFIC SIGNAL,FUNCTIONING PROPERLY,UNKNOWN,"DARKNESS, LIGHTED ROAD",REAR END,NOT DIVIDED,2,STRAIGHT AND LEVEL,UNKNOWN,UNKNOWN,NOT ON SCENE (DESK REPORT),NO INJURY / DRIVE AWAY,Y,,,"$501 - $1,500",11/4/2017 17:30,UNABLE TO DETERMINE,UNABLE TO DETERMINE,6199,N,LINCOLN AVE,1711,,,,,,,2,NO INDICATION OF INJURY,0,0,0,0,0,2,0,18,5,11,41.99454231,-87.71389678,POINT (-87.713896783814 41.994542305274),1
JA496400,,11/2/2017 18:50,30,NO CONTROLS,NO CONTROLS,RAIN,"DARKNESS, LIGHTED ROAD",ANGLE,DIVIDED - W/MEDIAN (NOT RAISED),4,STRAIGHT AND LEVEL,WET,UNKNOWN,ON SCENE,NO INJURY / DRIVE AWAY,,,Y,$500 OR LESS,11/2/2017 19:00,UNABLE TO DETERMINE,UNABLE TO DETERMINE,402,E,95TH ST,633,,,,,,,2,NO INDICATION OF INJURY,0,0,0,0,0,2,0,18,5,11,41.72200438,-87.61400173,POINT (-87.614001729852 41.722004379351),1
JA496428,,11/2/2017 18:50,30,NO CONTROLS,NO CONTROLS,RAIN,"DARKNESS, LIGHTED ROAD",REAR END,NOT DIVIDED,4,STRAIGHT AND LEVEL,WET,NO DEFECTS,ON SCENE,INJURY AND / OR TOW DUE TO CRASH,,,,"OVER $1,500",11/2/2017 19:00,UNABLE TO DETERMINE,UNABLE TO DETERMINE,6100,W,HIGGINS AVE,1622,,,,,,,2,NONINCAPACITATING INJURY,2,0,0,2,0,0,0,18,5,11,41.97406665,-87.78064096,POINT (-87.780640956521 41.974066644548),1