RD_NO,CRASH_DATE_EST_I,CRASH_DATE,POSTED_SPEED_LIMIT,TRAFFIC_CONTROL_DEVICE,DEVICE_CONDITION,WEATHER_CONDITION,LIGHTING_CONDITION,FIRST_CRASH_TYPE,TRAFFICWAY_TYPE,LANE_CNT,ALIGNMENT,ROADWAY_SURFACE_COND,ROAD_DEFECT,REPORT_TYPE,CRASH_TYPE,INTERSECTION_RELATED_I,NOT_RIGHT_OF_WAY_I,HIT_AND_RUN_I,DAMAGE,DATE_POLICE_NOTIFIED,PRIM_CONTRIBUTORY_CAUSE,SEC_CONTRIBUTORY_CAUSE,STREET_NO,STREET_DIRECTION,STREET_NAME,BEAT_OF_OCCURRENCE,PHOTOS_TAKEN_I,STATEMENTS_TAKEN_I,DOORING_I,WORK_ZONE_I,WORK_ZONE_TYPE,WORKERS_PRESENT_I,NUM_UNITS,MOST_SEVERE_INJURY,INJURIES_TOTAL,INJURIES_FATAL,INJURIES_INCAPACITATING,INJURIES_NON_INCAPACITATING,INJURIES_REPORTED_NOT_EVIDENT,INJURIES_NO_INDICATION,INJURIES_UNKNOWN,CRASH_HOUR,CRASH_DAY_OF_WEEK,CRASH_MONTH,LATITUDE,LONGITUDE,LOCATION,Join
JA496392,,11/2/2017 18:55,30,STOP SIGN/FLASHER,FUNCTIONING PROPERLY,RAIN,"DARKNESS, LIGHTED ROAD",ANGLE,NOT DIVIDED,2,STRAIGHT AND LEVEL,WET,NO DEFECTS,NOT ON SCENE (DESK REPORT),NO INJURY / DRIVE AWAY,Y,,,"OVER $1,500",11/2/2017 19:03,FAILING TO YIELD RIGHT-OF-WAY,NOT APPLICABLE,5100,W,AINSLIE ST,1623,,,,,,,2,NO INDICATION OF INJURY,0,0,0,0,0,3,0,18,5,11,41.96987165,-87.75522865,POINT (-87.755228654003 41.96987164538),1
JA496434,,11/2/2017 18:55,30,NO CONTROLS,NO CONTROLS,CLEAR,"DARKNESS, LIGHTED ROAD",TURNING,DIVIDED - W/MEDIAN (NOT RAISED),4,STRAIGHT AND LEVEL,WET,UNKNOWN,ON SCENE,INJURY AND / OR TOW DUE TO CRASH,,,Y,"OVER $1,500",11/2/2017 19:02,IMPROPER TURNING/NO SIGNAL,"OPERATING VEHICLE IN ERRATIC, RECKLESS, CARELESS, NEGLIGENT OR AGGRESSIVE MANNER",5311,S,HARLEM AVE,811,,,,,,,2,NO INDICATION OF INJURY,0,0,0,0,0,2,0,18,5,11,41.79540926,-87.80146255,POINT (-87.801462549765 41.79540925733),1
JA496444,,11/2/2017 19:00,30,NO CONTROLS,NO CONTROLS,RAIN,DUSK,SIDESWIPE SAME DIRECTION,PARKING LOT,,STRAIGHT AND LEVEL,WET,NO DEFECTS,ON SCENE,NO INJURY / DRIVE AWAY,,Y,,$500 OR LESS,11/2/2017 19:05,IMPROPER OVERTAKING/PASSING,IMPROPER TURNING/NO SIGNAL,3202,W,CERMAK RD,1022,,,,,,,2,NO INDICATION OF INJURY,0,0,0,0,0,5,0,19,5,11,41.85187306,-87.70538678,POINT (-87.70538678386 41.851873057835),1
JA496477,,11/2/2017 19:00,30,TRAFFIC SIGNAL,FUNCTIONING PROPERLY,RAIN,"DARKNESS, LIGHTED ROAD",PARKED MOTOR VEHICLE,NOT DIVIDED,2,STRAIGHT AND LEVEL,WET,NO DEFECTS,ON SCENE,NO INJURY / DRIVE AWAY,,,,"OVER $1,500",11/2/2017 19:15,IMPROPER OVERTAKING/PASSING,FAILING TO REDUCE SPEED TO AVOID CRASH,740,S,CLARK ST,123,,,,,,,2,NO INDICATION OF INJURY,0,0,0,0,0,1,0,19,5,11,41.87260442,-87.63076706,POINT (-87.630767056961 41.872604420881),1
JA496448,,11/2/2017 19:00,30,STOP SIGN/FLASHER,NO CONTROLS,RAIN,"DARKNESS, LIGHTED ROAD",REAR END,ONE-WAY,2,STRAIGHT AND LEVEL,WET,NO DEFECTS,ON SCENE,NO INJURY / DRIVE AWAY,Y,,,$500 OR LESS,11/2/2017 19:20,FOLLOWING TOO CLOSELY,NOT APPLICABLE,1301,S,INDEPENDENCE BLVD,1011,,,,,,,2,NO INDICATION OF INJURY,0,0,0,0,0,5,0,19,5,11,41.86434945,-87.71931908,POINT (-87.719319075007 41.864349450029),1
JA496470,,11/2/2017 19:00,30,TRAFFIC SIGNAL,FUNCTIONING PROPERLY,CLEAR,"DARKNESS, LIGHTED ROAD",REAR END,NOT DIVIDED,2,STRAIGHT AND LEVEL,DRY,NO DEFECTS,NOT ON SCENE (DESK REPORT),NO INJURY / DRIVE AWAY,,,Y,"$501 - $1,500",11/2/2017 19:49,FAILING TO YIELD RIGHT-OF-WAY,IMPROPER BACKING,6758,W,IRVING PARK RD,1632,,,,,,,2,NO INDICATION OF INJURY,0,0,0,0,0,2,0,19,5,11,41.95285349,-87.79615225,POINT (-87.796152247845 41.952853485169),1
JA496575,,11/2/2017 19:00,30,NO CONTROLS,NO CONTROLS,CLEAR,"DARKNESS, LIGHTED ROAD",HEAD ON,NOT DIVIDED,2,STRAIGHT AND LEVEL,WET,NO DEFECTS,NOT ON SCENE (DESK REPORT),NO INJURY / DRIVE AWAY,,,,"$501 - $1,500",11/2/2017 21:23,IMPROPER BACKING,NOT APPLICABLE,4000,W,LAKE ST,1114,,,,,,,2,NO INDICATION OF INJURY,0,0,0,0,0,2,0,19,5,11,41.88558032,-87.72592192,POINT (-87.725921923893 41.885580318349),1
JA496476,,11/2/2017 19:03,30,NO CONTROLS,NO CONTROLS,RAIN,"DARKNESS, LIGHTED ROAD",SIDESWIPE SAME DIRECTION,ONE-WAY,2,STRAIGHT AND LEVEL,WET,NO DEFECTS,NOT ON SCENE (DESK REPORT),NO INJURY / DRIVE AWAY,,,,"OVER $1,500",11/2/2017 19:45,DISTRACTION - FROM INSIDE VEHICLE,NOT APPLICABLE,105,E,DELAWARE PL,1833,,,,,,,2,NO INDICATION OF INJURY,0,0,0,0,0,3,0,19,5,11,41.89907578,-87.62580952,POINT (-87.62580952351 41.899075780398),1
JA496426,,11/2/2017 19:03,30,RAILROAD CROSSING GATE,FUNCTIONING PROPERLY,RAIN,"DARKNESS, LIGHTED ROAD",PEDESTRIAN,DIVIDED - W/MEDIAN (NOT RAISED),2,STRAIGHT AND LEVEL,WET,NO DEFECTS,ON SCENE,INJURY AND / OR TOW DUE TO CRASH,,,,$500 OR LESS,11/2/2017 19:03,NOT APPLICABLE,NOT APPLICABLE,1732,E,71ST ST,332,,,,,,,2,NONINCAPACITATING INJURY,1,0,0,1,0,1,0,19,5,11,41.7662891,-87.58238984,POINT (-87.58238984106 41.766289099427),1
JA496443,,11/2/2017 19:09,30,NO CONTROLS,NO CONTROLS,RAIN,"DARKNESS, LIGHTED ROAD",SIDESWIPE SAME DIRECTION,NOT DIVIDED,2,STRAIGHT AND LEVEL,WET,NO DEFECTS,ON SCENE,NO INJURY / DRIVE AWAY,,,,"OVER $1,500",11/2/2017 19:09,FAILING TO YIELD RIGHT-OF-WAY,NOT APPLICABLE,7401,N,ROGERS AVE,2422,,,,,,,2,NO INDICATION OF INJURY,0,0,0,0,0,2,0,19,5,11,42.01599476,-87.67505675,POINT (-87.675056747701 42.015994755582),1
JA496479,,11/2/2017 19:10,30,TRAFFIC SIGNAL,FUNCTIONING PROPERLY,RAIN,"DARKNESS, LIGHTED ROAD",SIDESWIPE SAME DIRECTION,NOT DIVIDED,,STRAIGHT AND LEVEL,WET,NO DEFECTS,NOT ON SCENE (DESK REPORT),NO INJURY / DRIVE AWAY,,,,"OVER $1,500",11/2/2017 19:53,FAILING TO YIELD RIGHT-OF-WAY,FAILING TO YIELD RIGHT-OF-WAY,22,E,PEARSON ST,1833,,,,,,,2,NO INDICATION OF INJURY,0,0,0,0,0,2,0,19,5,11,41.89764365,-87.62728941,POINT (-87.627289405923 41.897643650254),1
JA496459,,11/2/2017 19:14,30,NO CONTROLS,NO CONTROLS,RAIN,DUSK,PEDESTRIAN,NOT DIVIDED,,STRAIGHT AND LEVEL,WET,NO DEFECTS,ON SCENE,INJURY AND / OR TOW DUE TO CRASH,,,,"OVER $1,500",11/2/2017 19:18,UNABLE TO DETERMINE,NOT APPLICABLE,51,E,95TH ST,511,,,,,,,2,NONINCAPACITATING INJURY,2,0,0,2,0,0,0,19,5,11,41.72165358,-87.62168005,POINT (-87.621680050414 41.721653582879),1
JA496498,,11/2/2017 19:15,35,NO CONTROLS,NO CONTROLS,RAIN,"DARKNESS, LIGHTED ROAD",SIDESWIPE SAME DIRECTION,DIVIDED - W/MEDIAN BARRIER,,STRAIGHT AND LEVEL,WET,NO DEFECTS,ON SCENE,INJURY AND / OR TOW DUE TO CRASH,,,,"$501 - $1,500",11/2/2017 19:31,UNABLE TO DETERMINE,IMPROPER LANE USAGE,9653,S,HALSTED ST,2223,,,,,,,2,"REPORTED, NOT EVIDENT",1,0,0,0,1,3,0,19,5,11,41.71806787,-87.64297314,POINT (-87.642973144373 41.718067865891),1
JA505401,,11/2/2017 19:20,30,NO CONTROLS,NO CONTROLS,CLEAR,"DARKNESS, LIGHTED ROAD",TURNING,NOT DIVIDED,2,STRAIGHT AND LEVEL,DRY,NO DEFECTS,NOT ON SCENE (DESK REPORT),NO INJURY / DRIVE AWAY,,,,"OVER $1,500",11/9/2017 16:50,FOLLOWING TOO CLOSELY,NOT APPLICABLE,3127,N,CENTRAL AVE,2514,,,,,,,2,NO INDICATION OF INJURY,0,0,0,0,0,2,0,19,5,11,41.93758152,-87.76631489,POINT (-87.766314891796 41.93758152035),1
JA497785,,11/2/2017 19:30,30,TRAFFIC SIGNAL,FUNCTIONING PROPERLY,RAIN,"DARKNESS, LIGHTED ROAD",SIDESWIPE SAME DIRECTION,NOT DIVIDED,,STRAIGHT AND LEVEL,WET,UNKNOWN,NOT ON SCENE (DESK REPORT),NO INJURY / DRIVE AWAY,,,,"OVER $1,500",11/3/2017 19:00,IMPROPER LANE USAGE,NOT APPLICABLE,599,S,AUSTIN BLVD,1513,,,,,,,2,NO INDICATION OF INJURY,0,0,0,0,0,2,0,19,5,11,41.8728291,-87.77426483,POINT (-87.774264830043 41.872829098426),1
JA496536,N,11/2/2017 19:30,30,NO CONTROLS,NO CONTROLS,RAIN,"DARKNESS, LIGHTED ROAD",SIDESWIPE SAME DIRECTION,DIVIDED - W/MEDIAN BARRIER,,STRAIGHT AND LEVEL,WET,NO DEFECTS,NOT ON SCENE (DESK REPORT),NO INJURY / DRIVE AWAY,,,,"OVER $1,500",11/2/2017 20:00,UNABLE TO DETERMINE,NOT APPLICABLE,9700,S,HALSTED ST,2223,,,,,,,2,NO INDICATION OF INJURY,0,0,0,0,0,2,0,19,5,11,41.71753744,-87.64325162,POINT (-87.643251620045 41.717537434869),1
JA496894,Y,11/2/2017 19:30,30,NO CONTROLS,NO CONTROLS,CLEAR,"DARKNESS, LIGHTED ROAD",PARKED MOTOR VEHICLE,NOT DIVIDED,2,STRAIGHT AND LEVEL,DRY,NO DEFECTS,NOT ON SCENE (DESK REPORT),NO INJURY / DRIVE AWAY,,,Y,"OVER $1,500",11/3/2017 8:30,UNABLE TO DETERMINE,NOT APPLICABLE,3915,S,LEAVITT ST,924,,,,,,,2,NO INDICATION OF INJURY,0,0,0,0,0,1,0,19,5,11,41.82260224,-87.67984221,POINT (-87.679842207339 41.822602236813),1
JA496483,Y,11/2/2017 19:30,30,TRAFFIC SIGNAL,FUNCTIONING PROPERLY,CLEAR,DARKNESS,TURNING,NOT DIVIDED,4,STRAIGHT AND LEVEL,WET,NO DEFECTS,NOT ON SCENE (DESK REPORT),NO INJURY / DRIVE AWAY,,,,"$501 - $1,500",11/2/2017 19:45,IMPROPER TURNING/NO SIGNAL,IMPROPER TURNING/NO SIGNAL,6000,N,RAVENSWOOD AVE,2413,,,,,,,2,NO INDICATION OF INJURY,0,0,0,0,0,5,0,19,5,11,41.99081177,-87.67540956,POINT (-87.675409559679 41.990811769473),1
JA496474,,11/2/2017 19:30,30,TRAFFIC SIGNAL,FUNCTIONING IMPROPERLY,RAIN,"DARKNESS, LIGHTED ROAD",ANGLE,CENTER TURN LANE,4,STRAIGHT AND LEVEL,WET,NO DEFECTS,ON SCENE,INJURY AND / OR TOW DUE TO CRASH,Y,,,"OVER $1,500",11/2/2017 19:33,UNABLE TO DETERMINE,UNABLE TO DETERMINE,500,S,CALIFORNIA AVE,1135,,,,,,,2,NO INDICATION OF INJURY,0,0,0,0,0,4,0,19,5,11,41.87483977,-87.69627157,POINT (-87.696271565241 41.874839767646),1
JA496542,,11/2/2017 19:30,30,TRAFFIC SIGNAL,NO CONTROLS,RAIN,DARKNESS,SIDESWIPE SAME DIRECTION,NOT DIVIDED,4,STRAIGHT AND LEVEL,WET,NO DEFECTS,NOT ON SCENE (DESK REPORT),NO INJURY / DRIVE AWAY,,,,"OVER $1,500",11/2/2017 20:50,UNABLE TO DETERMINE,NOT APPLICABLE,455,E,NORTH WATER ST,1834,,,,,,,2,NO INDICATION OF INJURY,0,0,0,0,0,2,0,19,5,11,41.88943939,-87.61556127,POINT (-87.615561265157 41.889439389922),1
JA496492,,11/2/2017 19:30,30,TRAFFIC SIGNAL,FUNCTIONING PROPERLY,RAIN,"DARKNESS, LIGHTED ROAD",REAR END,NOT DIVIDED,2,STRAIGHT AND LEVEL,WET,NO DEFECTS,NOT ON SCENE (DESK REPORT),NO INJURY / DRIVE AWAY,,,,"OVER $1,500",11/2/2017 20:05,EXCEEDING SAFE SPEED FOR CONDITIONS,DRIVING SKILLS/KNOWLEDGE/EXPERIENCE,4400,W,47TH ST,815,,,,,,,2,NO INDICATION OF INJURY,0,0,0,0,0,2,0,19,5,11,41.80785605,-87.73343455,POINT (-87.733434550527 41.807856044504),1
JA496520,,11/2/2017 19:45,30,NO CONTROLS,NO CONTROLS,CLEAR,"DARKNESS, LIGHTED ROAD",SIDESWIPE SAME DIRECTION,NOT DIVIDED,4,STRAIGHT AND LEVEL,WET,NO DEFECTS,NOT ON SCENE (DESK REPORT),NO INJURY / DRIVE AWAY,,,,$500 OR LESS,11/2/2017 20:22,UNABLE TO DETERMINE,UNABLE TO DETERMINE,10200,S,STATE ST,511,,,,,,,2,NO INDICATION OF INJURY,0,0,0,0,0,2,0,19,5,11,41.70893738,-87.62370426,POINT (-87.623704256889 41.708937376755),1
JA501476,,11/2/2017 19:50,30,TRAFFIC SIGNAL,FUNCTIONING PROPERLY,CLEAR,"DARKNESS, LIGHTED ROAD",REAR END,DIVIDED - W/MEDIAN (NOT RAISED),4,STRAIGHT AND LEVEL,DRY,NO DEFECTS,NOT ON SCENE (DESK REPORT),NO INJURY / DRIVE AWAY,,,,"OVER $1,500",11/6/2017 17:14,FAILING TO REDUCE SPEED TO AVOID CRASH,DRIVING SKILLS/KNOWLEDGE/EXPERIENCE,10,W,83RD ST,631,,,,,,,2,NO INDICATION OF INJURY,0,0,0,0,0,2,0,19,5,11,41.74375863,-87.6247497,POINT (-87.624749698267 41.74375862839),1
JA496577,,11/2/2017 20:00,25,NO CONTROLS,NO CONTROLS,RAIN,"DARKNESS, LIGHTED ROAD",PEDESTRIAN,NOT DIVIDED,,STRAIGHT ON GRADE,WET,NO DEFECTS,ON SCENE,INJURY AND / OR TOW DUE TO CRASH,,,Y,$500 OR LESS,11/2/2017 20:08,UNABLE TO DETERMINE,UNABLE TO DETERMINE,901,W,107TH ST,2233,,,,,,,2,"REPORTED, NOT EVIDENT",1,0,0,0,1,1,0,20,5,11,41.69950817,-87.64509607,POINT (-87.645096068445 41.699508171027),1
JA497366,,11/2/2017 20:00,30,NO CONTROLS,NO CONTROLS,CLEAR,DARKNESS,PARKED MOTOR VEHICLE,NOT DIVIDED,,STRAIGHT AND LEVEL,DRY,NO DEFECTS,NOT ON SCENE (DESK REPORT),NO INJURY / DRIVE AWAY,,,Y,"$501 - $1,500",11/3/2017 14:53,UNABLE TO DETERMINE,NOT APPLICABLE,1526,W,21ST ST,1235,,,,,,,2,NO INDICATION OF INJURY,0,0,0,0,0,1,0,20,5,11,41.85430479,-87.66471159,POINT (-87.664711592301 41.854304787577),1
JA496531,,11/2/2017 20:00,20,NO CONTROLS,NO CONTROLS,UNKNOWN,"DARKNESS, LIGHTED ROAD",SIDESWIPE SAME DIRECTION,ONE-WAY,,STRAIGHT AND LEVEL,WET,UNKNOWN,ON SCENE,INJURY AND / OR TOW DUE TO CRASH,,,,"OVER $1,500",11/2/2017 20:10,IMPROPER LANE USAGE,NOT APPLICABLE,5318,N,WINTHROP AVE,2023,,,,,,,2,NO INDICATION OF INJURY,0,0,0,0,0,2,0,20,5,11,41.97877682,-87.65802893,POINT (-87.658028924649 41.978776818744),1
JA497672,,11/2/2017 20:00,15,STOP SIGN/FLASHER,FUNCTIONING PROPERLY,CLEAR,DAYLIGHT,ANGLE,NOT DIVIDED,,STRAIGHT AND LEVEL,DRY,NO DEFECTS,NOT ON SCENE (DESK REPORT),NO INJURY / DRIVE AWAY,,,Y,"OVER $1,500",11/3/2017 17:30,FAILING TO YIELD RIGHT-OF-WAY,UNABLE TO DETERMINE,300,E,101ST ST,511,,,,,,,2,NO INDICATION OF INJURY,0,0,0,0,0,2,0,20,5,11,41.71103148,-87.61623761,POINT (-87.616237608819 41.711031476097),1
JA496896,,11/2/2017 20:05,35,TRAFFIC SIGNAL,FUNCTIONING PROPERLY,CLEAR,"DARKNESS, LIGHTED ROAD",SIDESWIPE SAME DIRECTION,DIVIDED - W/MEDIAN (NOT RAISED),6,STRAIGHT AND LEVEL,DRY,NO DEFECTS,NOT ON SCENE (DESK REPORT),NO INJURY / DRIVE AWAY,Y,,Y,"OVER $1,500",11/3/2017 8:30,FAILING TO REDUCE SPEED TO AVOID CRASH,EXCEEDING SAFE SPEED FOR CONDITIONS,1000,N,MILWAUKEE AVE,1213,,,,,,,2,NO INDICATION OF INJURY,0,0,0,0,0,2,0,20,5,11,41.8997595,-87.66107806,POINT (-87.661078061362 41.899759497226),1
JA496522,,11/2/2017 20:05,30,TRAFFIC SIGNAL,FUNCTIONING PROPERLY,RAIN,DARKNESS,TURNING,NOT DIVIDED,2,STRAIGHT AND LEVEL,WET,NO DEFECTS,ON SCENE,NO INJURY / DRIVE AWAY,,,,"OVER $1,500",11/2/2017 20:15,IMPROPER OVERTAKING/PASSING,IMPROPER OVERTAKING/PASSING,1601,W,83RD ST,614,,,,,,,2,NO INDICATION OF INJURY,0,0,0,0,0,25,0,20,5,11,41.7429649,-87.66330501,POINT (-87.663305010766 41.742964896086),1
JA496576,,11/2/2017 20:20,25,STOP SIGN/FLASHER,FUNCTIONING PROPERLY,RAIN,DARKNESS,PEDALCYCLIST,DIVIDED - W/MEDIAN (NOT RAISED),2,STRAIGHT AND LEVEL,WET,NO DEFECTS,ON SCENE,INJURY AND / OR TOW DUE TO CRASH,Y,,,$500 OR LESS,11/2/2017 20:32,DISREGARDING STOP SIGN,NOT APPLICABLE,1900,S,CALIFORNIA AVE,1022,,,,,,,2,INCAPACITATING INJURY,1,0,1,0,0,1,0,20,5,11,41.85553352,-87.69571496,POINT (-87.695714954669 41.855533523924),1
JA496562,,11/2/2017 20:30,35,STOP SIGN/FLASHER,FUNCTIONING PROPERLY,RAIN,"DARKNESS, LIGHTED ROAD",SIDESWIPE SAME DIRECTION,ONE-WAY,,STRAIGHT AND LEVEL,WET,NO DEFECTS,NOT ON SCENE (DESK REPORT),NO INJURY / DRIVE AWAY,,,,"$501 - $1,500",11/2/2017 21:00,UNABLE TO DETERMINE,UNABLE TO DETERMINE,850,N,DEARBORN ST,1832,,,,,,,2,NO INDICATION OF INJURY,0,0,0,0,0,2,0,20,5,11,41.89809115,-87.62996551,POINT (-87.629965509747 41.898091151115),1
JA496603,,11/2/2017 20:30,35,TRAFFIC SIGNAL,FUNCTIONING PROPERLY,CLEAR,"DARKNESS, LIGHTED ROAD",SIDESWIPE SAME DIRECTION,ONE-WAY,2,STRAIGHT AND LEVEL,DRY,NO DEFECTS,NOT ON SCENE (DESK REPORT),NO INJURY / DRIVE AWAY,,,,$500 OR LESS,11/2/2017 20:30,FAILING TO YIELD RIGHT-OF-WAY,UNABLE TO DETERMINE,700,N,FAIRBANKS CT,1834,,,,,,,2,NO INDICATION OF INJURY,0,0,0,0,0,2,0,20,5,11,41.89505015,-87.62047061,POINT (-87.620470614342 41.89505014535),1
JA497736,,11/2/2017 20:30,30,TRAFFIC SIGNAL,FUNCTIONING PROPERLY,RAIN,"DARKNESS, LIGHTED ROAD",ANGLE,NOT DIVIDED,2,STRAIGHT AND LEVEL,WET,UNKNOWN,NOT ON SCENE (DESK REPORT),NO INJURY / DRIVE AWAY,Y,,,"OVER $1,500",11/3/2017 18:40,DISREGARDING TRAFFIC SIGNALS,NOT APPLICABLE,1600,W,CHICAGO AVE,1213,,,,,,,2,NO INDICATION OF INJURY,0,0,0,0,0,2,0,20,5,11,41.89618232,-87.66735606,POINT (-87.667356064232 41.896182324222),1
JA496574,,11/2/2017 20:54,15,TRAFFIC SIGNAL,FUNCTIONING PROPERLY,CLEAR,"DARKNESS, LIGHTED ROAD",REAR END,NOT DIVIDED,,STRAIGHT AND LEVEL,WET,NO DEFECTS,ON SCENE,INJURY AND / OR TOW DUE TO CRASH,N,,Y,"OVER $1,500",11/2/2017 20:57,FOLLOWING TOO CLOSELY,"OPERATING VEHICLE IN ERRATIC, RECKLESS, CARELESS, NEGLIGENT OR AGGRESSIVE MANNER",6301,S,MELVINA AVE,812,,,,,,,2,"REPORTED, NOT EVIDENT",1,0,0,0,1,1,0,20,5,11,41.77772615,-87.77623212,POINT (-87.776232114731 41.777726146568),1
JA496688,Y,11/2/2017 21:00,30,UNKNOWN,NO CONTROLS,RAIN,"DARKNESS, LIGHTED ROAD",PEDESTRIAN,ALLEY,1,STRAIGHT AND LEVEL,WET,NO DEFECTS,NOT ON SCENE (DESK REPORT),INJURY AND / OR TOW DUE TO CRASH,,,,$500 OR LESS,11/2/2017 22:36,UNABLE TO DETERMINE,UNABLE TO DETERMINE,4934,S,KEDZIE AVE,821,,,,,,,2,NONINCAPACITATING INJURY,1,0,0,1,0,1,0,21,5,11,41.80344571,-87.70398627,POINT (-87.70398627177 41.803445713074),1
JA496570,,11/2/2017 21:05,25,NO CONTROLS,NO CONTROLS,CLOUDY/OVERCAST,"DARKNESS, LIGHTED ROAD",FIXED OBJECT,DIVIDED - W/MEDIAN BARRIER,3,"CURVE, LEVEL",WET,NO DEFECTS,ON SCENE,NO INJURY / DRIVE AWAY,,,,"OVER $1,500",11/2/2017 21:13,WEATHER,EXCEEDING SAFE SPEED FOR CONDITIONS,1000,N,LAKE SHORE DR SB,1824,,,,,,,1,NO INDICATION OF INJURY,0,0,0,0,0,1,0,21,5,11,41.90095892,-87.61992817,POINT (-87.619928173678 41.900958919109),1
JA496627,,11/2/2017 21:12,30,NO CONTROLS,NO CONTROLS,CLEAR,"DARKNESS, LIGHTED ROAD",PARKED MOTOR VEHICLE,NOT DIVIDED,2,STRAIGHT AND LEVEL,WET,NO DEFECTS,ON SCENE,NO INJURY / DRIVE AWAY,,,Y,"OVER $1,500",11/2/2017 21:38,UNABLE TO DETERMINE,UNABLE TO DETERMINE,1062,N,MILWAUKEE AVE,1213,,,,,,,2,NO INDICATION OF INJURY,0,0,0,0,0,1,0,21,5,11,41.90110297,-87.66319845,POINT (-87.663198448929 41.901102964506),1
JA496655,,11/2/2017 21:20,30,NO CONTROLS,NO CONTROLS,RAIN,"DARKNESS, LIGHTED ROAD",OTHER OBJECT,NOT DIVIDED,4,STRAIGHT AND LEVEL,WET,NO DEFECTS,ON SCENE,INJURY AND / OR TOW DUE TO CRASH,,,,"OVER $1,500",11/2/2017 21:54,WEATHER,NOT APPLICABLE,6732,S,SOUTH SHORE DR,331,,N,,,,,1,NO INDICATION OF INJURY,0,0,0,0,0,1,0,21,5,11,41.77256993,-87.56676498,POINT (-87.566764980816 41.772569930802),1
JA496595,,11/2/2017 21:20,30,NO CONTROLS,FUNCTIONING PROPERLY,CLEAR,"DARKNESS, LIGHTED ROAD",SIDESWIPE OPPOSITE DIRECTION,DIVIDED - W/MEDIAN (NOT RAISED),2,STRAIGHT AND LEVEL,WET,NO DEFECTS,ON SCENE,INJURY AND / OR TOW DUE TO CRASH,,Y,,"OVER $1,500",11/2/2017 21:25,PHYSICAL CONDITION OF DRIVER,NOT APPLICABLE,717,E,79TH ST,624,,,,,,,2,INCAPACITATING INJURY,4,0,1,3,0,3,0,21,5,11,41.75114605,-87.6069229,POINT (-87.606922901046 41.751146050129),1
JA496614,,11/2/2017 21:20,25,UNKNOWN,UNKNOWN,OTHER,DARKNESS,REAR END,NOT DIVIDED,2,STRAIGHT AND LEVEL,WET,UNKNOWN,NOT ON SCENE (DESK REPORT),NO INJURY / DRIVE AWAY,,,,$500 OR LESS,11/2/2017 22:00,FOLLOWING TOO CLOSELY,UNABLE TO DETERMINE,2800,N,CLARK ST,1934,,,,,,,2,NO INDICATION OF INJURY,0,0,0,0,0,2,0,21,5,11,41.9328287,-87.64508035,POINT (-87.645080351015 41.932828699843),1
JA496643,,11/2/2017 21:35,30,NO CONTROLS,NO CONTROLS,RAIN,"DARKNESS, LIGHTED ROAD",PARKED MOTOR VEHICLE,NOT DIVIDED,2,STRAIGHT AND LEVEL,WET,NO DEFECTS,ON SCENE,INJURY AND / OR TOW DUE TO CRASH,,,,"OVER $1,500",11/2/2017 21:35,IMPROPER BACKING,NOT APPLICABLE,5845,S,SHIELDS AVE,711,,,,,,,2,NO INDICATION OF INJURY,0,0,0,0,0,3,0,21,5,11,41.78759812,-87.63388108,POINT (-87.633881081585 41.787598122863),1
JA497237,,11/2/2017 21:45,30,NO CONTROLS,NO CONTROLS,CLEAR,"DARKNESS, LIGHTED ROAD",REAR END,DIVIDED - W/MEDIAN (NOT RAISED),2,STRAIGHT AND LEVEL,DRY,NO DEFECTS,NOT ON SCENE (DESK REPORT),NO INJURY / DRIVE AWAY,,,,"$501 - $1,500",11/3/2017 13:00,UNABLE TO DETERMINE,UNABLE TO DETERMINE,2529,N,HALSTED ST,1935,,,,,,,2,NO INDICATION OF INJURY,0,0,0,0,0,2,0,21,5,11,41.92811224,-87.64870912,POINT (-87.648709115754 41.928112239456),1
JA496626,,11/2/2017 21:48,30,NO CONTROLS,NO CONTROLS,RAIN,"DARKNESS, LIGHTED ROAD",TURNING,NOT DIVIDED,2,STRAIGHT AND LEVEL,WET,NO DEFECTS,ON SCENE,NO INJURY / DRIVE AWAY,Y,,,$500 OR LESS,11/2/2017 22:14,FAILING TO YIELD RIGHT-OF-WAY,FAILING TO YIELD RIGHT-OF-WAY,8400,S,VINCENNES AVE,622,,,,,,,2,NO INDICATION OF INJURY,0,0,0,0,0,3,0,21,5,11,41.74140959,-87.63843149,POINT (-87.638431490943 41.741409588823),1