RD_NO,CRASH_DATE_EST_I,CRASH_DATE,POSTED_SPEED_LIMIT,TRAFFIC_CONTROL_DEVICE,DEVICE_CONDITION,WEATHER_CONDITION,LIGHTING_CONDITION,FIRST_CRASH_TYPE,TRAFFICWAY_TYPE,LANE_CNT,ALIGNMENT,ROADWAY_SURFACE_COND,ROAD_DEFECT,REPORT_TYPE,CRASH_TYPE,INTERSECTION_RELATED_I,NOT_RIGHT_OF_WAY_I,HIT_AND_RUN_I,DAMAGE,DATE_POLICE_NOTIFIED,PRIM_CONTRIBUTORY_CAUSE,SEC_CONTRIBUTORY_CAUSE,STREET_NO,STREET_DIRECTION,STREET_NAME,BEAT_OF_OCCURRENCE,PHOTOS_TAKEN_I,STATEMENTS_TAKEN_I,DOORING_I,WORK_ZONE_I,WORK_ZONE_TYPE,WORKERS_PRESENT_I,NUM_UNITS,MOST_SEVERE_INJURY,INJURIES_TOTAL,INJURIES_FATAL,INJURIES_INCAPACITATING,INJURIES_NON_INCAPACITATING,INJURIES_REPORTED_NOT_EVIDENT,INJURIES_NO_INDICATION,INJURIES_UNKNOWN,CRASH_HOUR,CRASH_DAY_OF_WEEK,CRASH_MONTH,LATITUDE,LONGITUDE,LOCATION,Join
JA497388,,11/3/2017 14:40,35,TRAFFIC SIGNAL,FUNCTIONING PROPERLY,CLEAR,DAYLIGHT,TURNING,NOT DIVIDED,2,STRAIGHT AND LEVEL,DRY,NO DEFECTS,ON SCENE,INJURY AND / OR TOW DUE TO CRASH,Y,,,"OVER $1,500",11/3/2017 15:00,FAILING TO YIELD RIGHT-OF-WAY,NOT APPLICABLE,1200,S,KEDZIE AVE,1022,,,,,,,2,NO INDICATION OF INJURY,0,0,0,0,0,5,0,14,6,11,41.86631148,-87.70581352,POINT (-87.705813516338 41.866311477977),1
JA497416,,11/3/2017 14:42,30,NO CONTROLS,NO CONTROLS,CLEAR,DAYLIGHT,SIDESWIPE SAME DIRECTION,ONE-WAY,1,STRAIGHT AND LEVEL,DRY,UNKNOWN,NOT ON SCENE (DESK REPORT),NO INJURY / DRIVE AWAY,,,,"OVER $1,500",11/3/2017 15:10,UNABLE TO DETERMINE,UNABLE TO DETERMINE,7724,S,WOLCOTT AVE,611,,,,,,,2,NO INDICATION OF INJURY,0,0,0,0,0,2,0,14,6,11,41.75313394,-87.67093424,POINT (-87.670934241274 41.753133938534),1
JA497460,,11/3/2017 15:00,30,STOP SIGN/FLASHER,FUNCTIONING PROPERLY,CLEAR,DAYLIGHT,TURNING,DIVIDED - W/MEDIAN (NOT RAISED),4,STRAIGHT AND LEVEL,DRY,NO DEFECTS,ON SCENE,NO INJURY / DRIVE AWAY,Y,,,"OVER $1,500",11/3/2017 15:35,FAILING TO YIELD RIGHT-OF-WAY,IMPROPER OVERTAKING/PASSING,341,E,RANDOLPH ST,114,,,,,,,2,NO INDICATION OF INJURY,0,0,0,0,0,2,0,15,6,11,41.8842248,-87.61921434,POINT (-87.619214338057 41.884224802206),1
JA509982,,11/3/2017 15:00,30,NO CONTROLS,NO CONTROLS,CLEAR,DAYLIGHT,HEAD ON,PARKING LOT,,STRAIGHT AND LEVEL,DRY,NO DEFECTS,NOT ON SCENE (DESK REPORT),NO INJURY / DRIVE AWAY,,,,$500 OR LESS,11/13/2017 10:57,IMPROPER BACKING,IMPROPER BACKING,2752,W,LAWRENCE AVE,2031,,,,,,,2,NO INDICATION OF INJURY,0,0,0,0,0,2,0,15,6,11,41.96864461,-87.69828569,POINT (-87.698285685372 41.968644613012),1
JA497570,,11/3/2017 15:00,30,NO CONTROLS,NO CONTROLS,CLEAR,DAYLIGHT,SIDESWIPE SAME DIRECTION,DIVIDED - W/MEDIAN BARRIER,4,STRAIGHT AND LEVEL,DRY,NO DEFECTS,ON SCENE,NO INJURY / DRIVE AWAY,,,,$500 OR LESS,11/3/2017 16:11,IMPROPER OVERTAKING/PASSING,DRIVING SKILLS/KNOWLEDGE/EXPERIENCE,1300,S,WESTERN AVE,1023,,,,,,,2,NO INDICATION OF INJURY,0,0,0,0,0,2,0,15,6,11,41.86473994,-87.68613406,POINT (-87.686134063238 41.864739941196),1
JA497441,,11/3/2017 15:00,30,TRAFFIC SIGNAL,FUNCTIONING PROPERLY,CLEAR,DAYLIGHT,SIDESWIPE SAME DIRECTION,ONE-WAY,4,STRAIGHT AND LEVEL,DRY,NO DEFECTS,NOT ON SCENE (DESK REPORT),NO INJURY / DRIVE AWAY,N,,,"$501 - $1,500",11/3/2017 15:30,UNABLE TO DETERMINE,UNABLE TO DETERMINE,660,N,CLARK ST,1832,,,,,,,2,NO INDICATION OF INJURY,0,0,0,0,0,2,0,15,6,11,41.89414182,-87.63133628,POINT (-87.631336283617 41.894141821327),1
JA497436,,11/3/2017 15:00,30,TRAFFIC SIGNAL,FUNCTIONING PROPERLY,CLEAR,DAYLIGHT,TURNING,DIVIDED - W/MEDIAN (NOT RAISED),2,STRAIGHT AND LEVEL,DRY,NO DEFECTS,ON SCENE,INJURY AND / OR TOW DUE TO CRASH,Y,,,"OVER $1,500",11/3/2017 15:15,FAILING TO YIELD RIGHT-OF-WAY,IMPROPER TURNING/NO SIGNAL,5551,W,DIVISION ST,1524,,,,,,,2,NO INDICATION OF INJURY,0,0,0,0,0,2,0,15,6,11,41.90203588,-87.76556001,POINT (-87.765560011141 41.902035877119),1
JA497621,,11/3/2017 15:03,30,TRAFFIC SIGNAL,FUNCTIONING PROPERLY,CLEAR,DAYLIGHT,REAR END,ONE-WAY,4,STRAIGHT AND LEVEL,DRY,NO DEFECTS,NOT ON SCENE (DESK REPORT),NO INJURY / DRIVE AWAY,Y,,,"OVER $1,500",11/3/2017 17:20,FOLLOWING TOO CLOSELY,NOT APPLICABLE,68,E,GRAND AVE,1834,,,,,,,2,NO INDICATION OF INJURY,0,0,0,0,0,2,0,15,6,11,41.89182003,-87.62544388,POINT (-87.625443874791 41.89182003397),1
JA497701,,11/3/2017 15:04,30,TRAFFIC SIGNAL,FUNCTIONING PROPERLY,CLEAR,DAYLIGHT,SIDESWIPE SAME DIRECTION,NOT DIVIDED,4,STRAIGHT AND LEVEL,DRY,UNKNOWN,NOT ON SCENE (DESK REPORT),NO INJURY / DRIVE AWAY,,,Y,"OVER $1,500",11/3/2017 18:06,IMPROPER LANE USAGE,NOT APPLICABLE,1,S,STATE ST,112,,,,,,,2,NO INDICATION OF INJURY,0,0,0,0,0,2,0,15,6,11,41.8819952,-87.62764725,POINT (-87.62764724523 41.881995197635),1
JA497442,,11/3/2017 15:05,25,TRAFFIC SIGNAL,FUNCTIONING PROPERLY,CLEAR,DAYLIGHT,TURNING,DIVIDED - W/MEDIAN (NOT RAISED),4,STRAIGHT AND LEVEL,OTHER,OTHER,ON SCENE,NO INJURY / DRIVE AWAY,Y,,,"OVER $1,500",11/3/2017 15:30,UNABLE TO DETERMINE,UNABLE TO DETERMINE,2600,N,MILWAUKEE AVE,1412,,,,,,,2,NO INDICATION OF INJURY,0,0,0,0,0,3,0,15,6,11,41.92898856,-87.70750035,POINT (-87.70750034695 41.928988559427),1
JA497402,,11/3/2017 15:06,25,NO CONTROLS,NO CONTROLS,CLEAR,DAYLIGHT,ANGLE,PARKING LOT,,STRAIGHT AND LEVEL,DRY,NO DEFECTS,ON SCENE,NO INJURY / DRIVE AWAY,,Y,,"$501 - $1,500",11/3/2017 15:10,IMPROPER BACKING,PHYSICAL CONDITION OF DRIVER,7901,S,WESTERN AVE,835,,,,,,,2,NO INDICATION OF INJURY,0,0,0,0,0,3,0,15,6,11,41.75006036,-87.68269913,POINT (-87.682699127318 41.750060362735),1
JA497795,,11/3/2017 15:10,35,TRAFFIC SIGNAL,FUNCTIONING PROPERLY,CLEAR,DAYLIGHT,SIDESWIPE SAME DIRECTION,NOT DIVIDED,3,"CURVE, LEVEL",DRY,NO DEFECTS,NOT ON SCENE (DESK REPORT),NO INJURY / DRIVE AWAY,,,,"OVER $1,500",11/3/2017 15:40,IMPROPER OVERTAKING/PASSING,UNABLE TO DETERMINE,7900,S,SOUTH SHORE DR,422,,,,,,,2,NO INDICATION OF INJURY,0,0,0,0,0,2,0,15,6,11,41.7518556,-87.54825034,POINT (-87.548250337339 41.751855602467),1
JA497641,,11/3/2017 15:15,30,NO CONTROLS,NO CONTROLS,CLEAR,DAYLIGHT,SIDESWIPE SAME DIRECTION,NOT DIVIDED,,STRAIGHT AND LEVEL,DRY,NO DEFECTS,NOT ON SCENE (DESK REPORT),NO INJURY / DRIVE AWAY,,,,"OVER $1,500",11/3/2017 17:40,UNABLE TO DETERMINE,NOT APPLICABLE,1959,W,DIVISION ST,1212,,,,,,,2,NO INDICATION OF INJURY,0,0,0,0,0,2,0,15,6,11,41.90308242,-87.67719355,POINT (-87.677193550403 41.90308242198),1
JA497568,,11/3/2017 15:15,30,NO CONTROLS,NO CONTROLS,CLEAR,DAYLIGHT,PARKED MOTOR VEHICLE,DIVIDED - W/MEDIAN BARRIER,2,STRAIGHT AND LEVEL,DRY,NO DEFECTS,NOT ON SCENE (DESK REPORT),NO INJURY / DRIVE AWAY,,,Y,"OVER $1,500",11/3/2017 17:00,UNABLE TO DETERMINE,NOT APPLICABLE,1338,W,MADISON ST,1224,,,,,,,2,NO INDICATION OF INJURY,0,0,0,0,0,1,0,15,6,11,41.88166048,-87.66115612,POINT (-87.661156122208 41.881660484187),1
JA497443,,11/3/2017 15:20,30,NO CONTROLS,NO CONTROLS,CLEAR,DAYLIGHT,TURNING,NOT DIVIDED,,STRAIGHT AND LEVEL,DRY,NO DEFECTS,NOT ON SCENE (DESK REPORT),NO INJURY / DRIVE AWAY,,,,"OVER $1,500",11/3/2017 15:35,UNABLE TO DETERMINE,UNABLE TO DETERMINE,900,W,ARGYLE ST,2024,,,,,,,2,NO INDICATION OF INJURY,0,0,0,0,0,2,0,15,6,11,41.9734547,-87.65265628,POINT (-87.652656276732 41.973454702025),1
JA497455,,11/3/2017 15:20,25,NO CONTROLS,NO CONTROLS,CLEAR,DAYLIGHT,SIDESWIPE SAME DIRECTION,DIVIDED - W/MEDIAN (NOT RAISED),4,STRAIGHT AND LEVEL,DRY,NO DEFECTS,NOT ON SCENE (DESK REPORT),NO INJURY / DRIVE AWAY,,,,"$501 - $1,500",11/3/2017 15:39,UNABLE TO DETERMINE,UNABLE TO DETERMINE,5500,S,KILBOURN AVE,813,,,,,,,2,NO INDICATION OF INJURY,0,0,0,0,0,2,0,15,6,11,41.79300357,-87.73555861,POINT (-87.735558606914 41.793003567859),1
JA497495,,11/3/2017 15:20,30,STOP SIGN/FLASHER,FUNCTIONING PROPERLY,RAIN,DAYLIGHT,REAR END,DIVIDED - W/MEDIAN BARRIER,,STRAIGHT AND LEVEL,DRY,UNKNOWN,NOT ON SCENE (DESK REPORT),NO INJURY / DRIVE AWAY,Y,,,"OVER $1,500",11/3/2017 16:10,UNABLE TO DETERMINE,UNABLE TO DETERMINE,4800,S,DREXEL BLVD,223,,,,,,,2,NO INDICATION OF INJURY,0,0,0,0,0,3,0,15,6,11,41.80764824,-87.60447967,POINT (-87.604479667366 41.807648241578),1
JA497498,,11/3/2017 15:25,30,NO CONTROLS,NO CONTROLS,CLEAR,DAYLIGHT,SIDESWIPE SAME DIRECTION,NOT DIVIDED,2,STRAIGHT AND LEVEL,DRY,NO DEFECTS,ON SCENE,NO INJURY / DRIVE AWAY,,,Y,"$501 - $1,500",11/3/2017 15:32,IMPROPER OVERTAKING/PASSING,UNABLE TO DETERMINE,9352,S,COMMERCIAL AVE,423,,,,,,,2,NO INDICATION OF INJURY,0,0,0,0,0,5,0,15,6,11,41.72468875,-87.55127728,POINT (-87.551277281748 41.724688748612),1
JA497553,Y,11/3/2017 15:30,20,NO CONTROLS,NO CONTROLS,CLEAR,DAYLIGHT,PARKED MOTOR VEHICLE,ONE-WAY,1,STRAIGHT AND LEVEL,DRY,NO DEFECTS,ON SCENE,NO INJURY / DRIVE AWAY,,,Y,$500 OR LESS,11/3/2017 16:48,UNABLE TO DETERMINE,UNABLE TO DETERMINE,242,W,WILLOW ST,1814,,,,,,,3,NO INDICATION OF INJURY,0,0,0,0,0,1,0,15,6,11,41.91424502,-87.63661265,POINT (-87.636612648983 41.914245014515),1
JA497597,,11/3/2017 15:30,30,NO CONTROLS,NO CONTROLS,CLEAR,DAYLIGHT,SIDESWIPE SAME DIRECTION,ONE-WAY,4,STRAIGHT AND LEVEL,DRY,NO DEFECTS,NOT ON SCENE (DESK REPORT),NO INJURY / DRIVE AWAY,,,,"$501 - $1,500",11/3/2017 17:00,UNABLE TO DETERMINE,UNABLE TO DETERMINE,33,W,HURON ST,1832,,,,,,,2,NO INDICATION OF INJURY,0,0,0,0,0,2,0,15,6,11,41.89474673,-87.62955971,POINT (-87.629559713555 41.894746733201),1
JA497544,,11/3/2017 15:30,35,TRAFFIC SIGNAL,FUNCTIONING PROPERLY,CLEAR,DAYLIGHT,TURNING,CENTER TURN LANE,,STRAIGHT AND LEVEL,DRY,NO DEFECTS,NOT ON SCENE (DESK REPORT),NO INJURY / DRIVE AWAY,,,,"OVER $1,500",11/3/2017 16:40,UNABLE TO DETERMINE,NOT APPLICABLE,4700,W,IRVING PARK RD,1722,,,,,,,2,NO INDICATION OF INJURY,0,0,0,0,0,2,0,15,6,11,41.95355433,-87.74566755,POINT (-87.745667551162 41.953554327295),1
JA497493,Y,11/3/2017 15:31,20,NO CONTROLS,NO CONTROLS,CLEAR,DAYLIGHT,FIXED OBJECT,ONE-WAY,,STRAIGHT AND LEVEL,DRY,NO DEFECTS,ON SCENE,INJURY AND / OR TOW DUE TO CRASH,,Y,Y,"OVER $1,500",11/3/2017 15:45,UNABLE TO DETERMINE,UNABLE TO DETERMINE,4311,W,15TH ST,1012,,,,,,,1,,,,,,,,,15,6,11,41.86047376,-87.73286415,POINT (-87.732864152178 41.860473756156),1
JA497508,,11/3/2017 15:33,30,STOP SIGN/FLASHER,FUNCTIONING PROPERLY,CLEAR,DAYLIGHT,TURNING,NOT DIVIDED,4,STRAIGHT AND LEVEL,DRY,NO DEFECTS,ON SCENE,INJURY AND / OR TOW DUE TO CRASH,Y,,,"OVER $1,500",11/3/2017 15:38,FAILING TO YIELD RIGHT-OF-WAY,UNABLE TO DETERMINE,3925,W,NORTH AVE,2535,,,,,,,2,NO INDICATION OF INJURY,0,0,0,0,0,2,0,15,6,11,41.9097909,-87.72520294,POINT (-87.725202934612 41.909790902388),1
JA497447,Y,11/3/2017 15:35,30,UNKNOWN,UNKNOWN,CLEAR,DAYLIGHT,SIDESWIPE SAME DIRECTION,NOT DIVIDED,,STRAIGHT AND LEVEL,DRY,UNKNOWN,NOT ON SCENE (DESK REPORT),NO INJURY / DRIVE AWAY,,,,"$501 - $1,500",11/3/2017 15:35,IMPROPER TURNING/NO SIGNAL,NOT APPLICABLE,2621,N,MILWAUKEE AVE,1412,,,,,,,2,NO INDICATION OF INJURY,0,0,0,0,0,4,0,15,6,11,41.92942049,-87.70771965,POINT (-87.707719650085 41.929420487095),1
JA497537,,11/3/2017 15:40,30,TRAFFIC SIGNAL,FUNCTIONING PROPERLY,CLEAR,DAYLIGHT,REAR END,NOT DIVIDED,2,STRAIGHT AND LEVEL,DRY,UNKNOWN,NOT ON SCENE (DESK REPORT),NO INJURY / DRIVE AWAY,,,,"OVER $1,500",11/3/2017 16:20,FOLLOWING TOO CLOSELY,NOT APPLICABLE,298,S,CENTRAL AVE,1513,,,,,,,4,NO INDICATION OF INJURY,0,0,0,0,0,4,0,15,6,11,41.87658035,-87.7648735,POINT (-87.764873502808 41.876580351336),1
JA497618,,11/3/2017 15:40,0,STOP SIGN/FLASHER,FUNCTIONING PROPERLY,CLEAR,DAYLIGHT,ANGLE,DIVIDED - W/MEDIAN (NOT RAISED),,STRAIGHT AND LEVEL,DRY,NO DEFECTS,NOT ON SCENE (DESK REPORT),NO INJURY / DRIVE AWAY,,,,"OVER $1,500",11/3/2017 16:00,FAILING TO YIELD RIGHT-OF-WAY,NOT APPLICABLE,4158,S,MICHIGAN AVE,213,,,,,,,2,NO INDICATION OF INJURY,0,0,0,0,0,2,0,15,6,11,41.81843204,-87.62322549,POINT (-87.62322548483 41.818432044388),1
JA497485,,11/3/2017 15:40,30,NO CONTROLS,NO CONTROLS,CLEAR,DAYLIGHT,PARKED MOTOR VEHICLE,NOT DIVIDED,,STRAIGHT AND LEVEL,DRY,NO DEFECTS,ON SCENE,NO INJURY / DRIVE AWAY,,,,$500 OR LESS,11/3/2017 16:10,DRIVING SKILLS/KNOWLEDGE/EXPERIENCE,UNABLE TO DETERMINE,9939,S,CALIFORNIA AVE,2211,,,,,,,2,NO INDICATION OF INJURY,0,0,0,0,0,1,0,15,6,11,41.71233972,-87.69154523,POINT (-87.691545230886 41.712339722571),1
JA497666,,11/3/2017 15:45,30,TRAFFIC SIGNAL,FUNCTIONING PROPERLY,CLEAR,DAYLIGHT,SIDESWIPE SAME DIRECTION,DIVIDED - W/MEDIAN (NOT RAISED),,STRAIGHT AND LEVEL,DRY,NO DEFECTS,ON SCENE,NO INJURY / DRIVE AWAY,,,Y,"OVER $1,500",11/3/2017 18:00,IMPROPER LANE USAGE,IMPROPER LANE USAGE,11858,S,VINCENNES AVE,2212,,,,,,,2,NO INDICATION OF INJURY,0,0,0,0,0,2,0,15,6,11,41.67825194,-87.67155078,POINT (-87.671550780071 41.67825193784),1
JA497534,,11/3/2017 15:50,30,TRAFFIC SIGNAL,NO CONTROLS,CLEAR,DAYLIGHT,TURNING,OTHER,,STRAIGHT AND LEVEL,DRY,NO DEFECTS,ON SCENE,NO INJURY / DRIVE AWAY,Y,,,"OVER $1,500",11/3/2017 16:08,UNABLE TO DETERMINE,UNABLE TO DETERMINE,39,E,OHIO ST,1834,,,,,,,2,NO INDICATION OF INJURY,0,0,0,0,0,2,0,15,6,11,41.89239244,-87.62659027,POINT (-87.626590272983 41.892392434945),1
JA497482,,11/3/2017 15:55,30,TRAFFIC SIGNAL,FUNCTIONING PROPERLY,CLEAR,DAYLIGHT,REAR END,NOT DIVIDED,2,STRAIGHT AND LEVEL,DRY,NO DEFECTS,NOT ON SCENE (DESK REPORT),NO INJURY / DRIVE AWAY,,,,$500 OR LESS,11/3/2017 16:00,FOLLOWING TOO CLOSELY,UNABLE TO DETERMINE,3558,W,25TH ST,1024,,,,,,,2,NO INDICATION OF INJURY,0,0,0,0,0,2,0,15,6,11,41.84633009,-87.71477903,POINT (-87.714779025478 41.846330091573),1
JA497651,,11/3/2017 15:58,30,NO CONTROLS,FUNCTIONING PROPERLY,CLEAR,DAYLIGHT,REAR END,NOT DIVIDED,4,STRAIGHT AND LEVEL,DRY,NO DEFECTS,NOT ON SCENE (DESK REPORT),NO INJURY / DRIVE AWAY,,,,$500 OR LESS,11/3/2017 17:48,UNABLE TO DETERMINE,NOT APPLICABLE,2504,N,DAMEN AVE,1432,,,,,,,2,NO INDICATION OF INJURY,0,0,0,0,0,2,0,15,6,11,41.92734051,-87.67825587,POINT (-87.678255872706 41.927340507441),1
JA497637,,11/3/2017 16:00,30,UNKNOWN,UNKNOWN,CLEAR,DAYLIGHT,TURNING,NOT DIVIDED,,STRAIGHT AND LEVEL,DRY,UNKNOWN,NOT ON SCENE (DESK REPORT),NO INJURY / DRIVE AWAY,,,Y,"OVER $1,500",11/3/2017 17:15,NOT APPLICABLE,NOT APPLICABLE,3900,W,CONGRESS PKWY,1132,,,,,,,2,NO INDICATION OF INJURY,0,0,0,0,0,2,0,16,6,11,41.87450244,-87.72313294,POINT (-87.723132939517 41.874502435614),1
JA497566,,11/3/2017 16:00,15,STOP SIGN/FLASHER,FUNCTIONING PROPERLY,CLEAR,DAYLIGHT,ANGLE,NOT DIVIDED,2,STRAIGHT AND LEVEL,DRY,NO DEFECTS,NOT ON SCENE (DESK REPORT),NO INJURY / DRIVE AWAY,,,,"OVER $1,500",11/3/2017 16:45,IMPROPER OVERTAKING/PASSING,UNABLE TO DETERMINE,100,E,42ND ST,213,,,,,,,2,NO INDICATION OF INJURY,0,0,0,0,0,2,0,16,6,11,41.81845474,-87.62299659,POINT (-87.622996590225 41.818454737993),1
JA497563,,11/3/2017 16:00,30,TRAFFIC SIGNAL,FUNCTIONING PROPERLY,CLEAR,DAYLIGHT,SIDESWIPE SAME DIRECTION,DIVIDED - W/MEDIAN (NOT RAISED),,STRAIGHT AND LEVEL,DRY,NO DEFECTS,NOT ON SCENE (DESK REPORT),NO INJURY / DRIVE AWAY,,,,"OVER $1,500",11/3/2017 16:40,UNABLE TO DETERMINE,UNABLE TO DETERMINE,550,W,ROOSEVELT RD,124,,,,,,,2,NO INDICATION OF INJURY,0,0,0,0,0,2,0,16,6,11,41.86734445,-87.64123828,POINT (-87.641238281435 41.867344452259),1
JA497714,,11/3/2017 16:00,35,TRAFFIC SIGNAL,FUNCTIONING PROPERLY,CLEAR,DARKNESS,SIDESWIPE SAME DIRECTION,NOT DIVIDED,,STRAIGHT AND LEVEL,DRY,NO DEFECTS,NOT ON SCENE (DESK REPORT),INJURY AND / OR TOW DUE TO CRASH,,,,"OVER $1,500",11/3/2017 18:30,DRIVING SKILLS/KNOWLEDGE/EXPERIENCE,DRIVING SKILLS/KNOWLEDGE/EXPERIENCE,2600,W,NORTH AVE,1421,,,,,,,2,NONINCAPACITATING INJURY,1,0,0,1,0,2,0,16,6,11,41.91037465,-87.69217304,POINT (-87.692173035337 41.910374647129),1
JA497571,,11/3/2017 16:00,30,NO CONTROLS,NO CONTROLS,CLEAR,DAYLIGHT,REAR END,NOT DIVIDED,2,STRAIGHT AND LEVEL,DRY,NO DEFECTS,ON SCENE,INJURY AND / OR TOW DUE TO CRASH,,,,"OVER $1,500",11/3/2017 16:05,UNABLE TO DETERMINE,UNABLE TO DETERMINE,7181,W,IRVING PARK RD,1632,,,,,,,2,NO INDICATION OF INJURY,0,0,0,0,0,2,0,16,6,11,41.95265632,-87.80667076,POINT (-87.806670756816 41.952656316404),1
JA497523,,11/3/2017 16:00,30,NO CONTROLS,NO CONTROLS,CLEAR,DAYLIGHT,PARKED MOTOR VEHICLE,OTHER,1,STRAIGHT AND LEVEL,DRY,NO DEFECTS,ON SCENE,INJURY AND / OR TOW DUE TO CRASH,,,,"OVER $1,500",11/3/2017 16:10,PHYSICAL CONDITION OF DRIVER,NOT APPLICABLE,5612,W,PENSACOLA AVE,1624,,,,,,,2,INCAPACITATING INJURY,1,0,1,0,0,1,0,16,6,11,41.95967295,-87.76779261,POINT (-87.767792610687 41.959672945333),1
JA497676,,11/3/2017 16:02,30,NO CONTROLS,NO CONTROLS,CLEAR,DUSK,SIDESWIPE SAME DIRECTION,NOT DIVIDED,4,STRAIGHT AND LEVEL,DRY,NO DEFECTS,ON SCENE,NO INJURY / DRIVE AWAY,,,,"OVER $1,500",11/3/2017 16:03,IMPROPER LANE USAGE,UNABLE TO DETERMINE,3600,S,WESTERN AVE,911,,,,,,,2,NO INDICATION OF INJURY,0,0,0,0,0,2,0,16,6,11,41.82838159,-87.68512204,POINT (-87.685122042848 41.828381587588),1
JA497546,,11/3/2017 16:03,30,NO CONTROLS,NO CONTROLS,CLEAR,DAYLIGHT,REAR END,NOT DIVIDED,2,STRAIGHT AND LEVEL,DRY,NO DEFECTS,ON SCENE,NO INJURY / DRIVE AWAY,,,,"$501 - $1,500",11/3/2017 16:20,UNABLE TO DETERMINE,UNABLE TO DETERMINE,3232,N,PULASKI RD,1731,,,,,,,3,NO INDICATION OF INJURY,0,0,0,0,0,3,0,16,6,11,41.94009643,-87.72735728,POINT (-87.727357280805 41.940096426602),1
JA497549,,11/3/2017 16:15,30,NO CONTROLS,NO CONTROLS,CLEAR,DAYLIGHT,PEDESTRIAN,ALLEY,,STRAIGHT AND LEVEL,DRY,NO DEFECTS,ON SCENE,INJURY AND / OR TOW DUE TO CRASH,,,Y,"OVER $1,500",11/3/2017 16:23,UNABLE TO DETERMINE,UNABLE TO DETERMINE,9300,S,SOUTH CHICAGO AVE,424,,,,,,,2,"REPORTED, NOT EVIDENT",1,0,0,0,1,1,0,16,6,11,41.72626026,-87.55072459,POINT (-87.550724586828 41.726260258806),1
JA497518,,11/3/2017 16:15,30,NO CONTROLS,NO CONTROLS,CLOUDY/OVERCAST,DAYLIGHT,PARKED MOTOR VEHICLE,DIVIDED - W/MEDIAN BARRIER,4,STRAIGHT AND LEVEL,DRY,NO DEFECTS,ON SCENE,INJURY AND / OR TOW DUE TO CRASH,,,,"OVER $1,500",11/3/2017 16:16,UNDER THE INFLUENCE OF ALCOHOL/DRUGS (USE WHEN ARREST IS EFFECTED),IMPROPER LANE USAGE,9393,S,HALSTED ST,2223,,,,,,,2,"REPORTED, NOT EVIDENT",1,0,0,0,1,0,0,16,6,11,41.72336962,-87.6431155,POINT (-87.643115501514 41.723369622453),1
JA497531,,11/3/2017 16:15,20,NO CONTROLS,NO CONTROLS,CLEAR,DAYLIGHT,TURNING,NOT DIVIDED,4,STRAIGHT AND LEVEL,DRY,NO DEFECTS,ON SCENE,NO INJURY / DRIVE AWAY,N,,,"$501 - $1,500",11/3/2017 16:22,DRIVING SKILLS/KNOWLEDGE/EXPERIENCE,UNABLE TO DETERMINE,10349,S,PULASKI RD,2211,,,,,,,2,NO INDICATION OF INJURY,0,0,0,0,0,2,0,16,6,11,41.70442406,-87.72070216,POINT (-87.720702155082 41.704424056059),1
JA497654,,11/3/2017 16:30,30,TRAFFIC SIGNAL,FUNCTIONING PROPERLY,CLEAR,DAYLIGHT,REAR END,NOT DIVIDED,,STRAIGHT AND LEVEL,DRY,NO DEFECTS,NOT ON SCENE (DESK REPORT),NO INJURY / DRIVE AWAY,Y,,,"OVER $1,500",11/3/2017 17:30,FOLLOWING TOO CLOSELY,NOT APPLICABLE,3603,W,103RD ST,2211,,,,,,,2,NO INDICATION OF INJURY,0,0,0,0,0,3,0,16,6,11,41.70595834,-87.71131458,POINT (-87.71131457974 41.705958335406),1
JA497790,,11/3/2017 16:30,25,NO CONTROLS,NO CONTROLS,CLEAR,DAYLIGHT,PARKED MOTOR VEHICLE,PARKING LOT,1,STRAIGHT AND LEVEL,DRY,NO DEFECTS,NOT ON SCENE (DESK REPORT),NO INJURY / DRIVE AWAY,,,,"$501 - $1,500",11/3/2017 19:15,UNABLE TO DETERMINE,UNABLE TO DETERMINE,6300,S,KILDARE AVE,813,,,,,,,2,NO INDICATION OF INJURY,0,0,0,0,0,1,0,16,6,11,41.77854113,-87.73021959,POINT (-87.730219590807 41.778541132384),1
JA497609,,11/3/2017 16:30,30,NO CONTROLS,NO CONTROLS,CLEAR,DAYLIGHT,REAR END,NOT DIVIDED,4,STRAIGHT AND LEVEL,DRY,NO DEFECTS,ON SCENE,NO INJURY / DRIVE AWAY,,,Y,$500 OR LESS,11/3/2017 16:41,UNABLE TO DETERMINE,UNABLE TO DETERMINE,6230,S,ASHLAND AVE,714,,,,,,,2,NO INDICATION OF INJURY,0,0,0,0,0,3,0,16,6,11,41.7803488,-87.66438884,POINT (-87.664388839996 41.78034880066),1