RD_NO,CRASH_DATE_EST_I,CRASH_DATE,POSTED_SPEED_LIMIT,TRAFFIC_CONTROL_DEVICE,DEVICE_CONDITION,WEATHER_CONDITION,LIGHTING_CONDITION,FIRST_CRASH_TYPE,TRAFFICWAY_TYPE,LANE_CNT,ALIGNMENT,ROADWAY_SURFACE_COND,ROAD_DEFECT,REPORT_TYPE,CRASH_TYPE,INTERSECTION_RELATED_I,NOT_RIGHT_OF_WAY_I,HIT_AND_RUN_I,DAMAGE,DATE_POLICE_NOTIFIED,PRIM_CONTRIBUTORY_CAUSE,SEC_CONTRIBUTORY_CAUSE,STREET_NO,STREET_DIRECTION,STREET_NAME,BEAT_OF_OCCURRENCE,PHOTOS_TAKEN_I,STATEMENTS_TAKEN_I,DOORING_I,WORK_ZONE_I,WORK_ZONE_TYPE,WORKERS_PRESENT_I,NUM_UNITS,MOST_SEVERE_INJURY,INJURIES_TOTAL,INJURIES_FATAL,INJURIES_INCAPACITATING,INJURIES_NON_INCAPACITATING,INJURIES_REPORTED_NOT_EVIDENT,INJURIES_NO_INDICATION,INJURIES_UNKNOWN,CRASH_HOUR,CRASH_DAY_OF_WEEK,CRASH_MONTH,LATITUDE,LONGITUDE,LOCATION,Join
JA497669,,11/3/2017 16:30,35,TRAFFIC SIGNAL,FUNCTIONING PROPERLY,CLEAR,DAYLIGHT,TURNING,NOT DIVIDED,2,STRAIGHT AND LEVEL,DRY,NO DEFECTS,ON SCENE,NO INJURY / DRIVE AWAY,Y,,,"OVER $1,500",11/3/2017 17:25,UNABLE TO DETERMINE,UNABLE TO DETERMINE,997,N,MILWAUKEE AVE,1213,,,,,,,2,NO INDICATION OF INJURY,0,0,0,0,0,2,0,16,6,11,41.89990755,-87.66085741,POINT (-87.660857414448 41.899907545911),1
JA497615,,11/3/2017 16:30,30,NO CONTROLS,NO CONTROLS,CLEAR,DAYLIGHT,TURNING,DIVIDED - W/MEDIAN (NOT RAISED),5,STRAIGHT AND LEVEL,DRY,NO DEFECTS,NOT ON SCENE (DESK REPORT),NO INJURY / DRIVE AWAY,,,,"$501 - $1,500",11/3/2017 17:15,FAILING TO YIELD RIGHT-OF-WAY,NOT APPLICABLE,1612,N,WESTERN AVE,1434,,,,,,,2,NO INDICATION OF INJURY,0,0,0,0,0,2,0,16,6,11,41.91074657,-87.68737925,POINT (-87.687379252387 41.910746568667),1
JA497562,,11/3/2017 16:30,30,STOP SIGN/FLASHER,FUNCTIONING PROPERLY,CLEAR,DAYLIGHT,ANGLE,DIVIDED - W/MEDIAN (NOT RAISED),4,STRAIGHT AND LEVEL,DRY,WORN SURFACE,ON SCENE,INJURY AND / OR TOW DUE TO CRASH,,,,"OVER $1,500",11/3/2017 16:40,UNABLE TO DETERMINE,UNABLE TO DETERMINE,500,N,GREEN ST,1214,,,,,,,2,NO INDICATION OF INJURY,0,0,0,0,0,3,0,16,6,11,41.8912077,-87.64893961,POINT (-87.648939611532 41.891207700621),1
JA497532,,11/3/2017 16:30,35,TRAFFIC SIGNAL,FUNCTIONING PROPERLY,CLEAR,DAYLIGHT,SIDESWIPE SAME DIRECTION,DIVIDED - W/MEDIAN BARRIER,4,STRAIGHT ON HILLCREST,DRY,NO DEFECTS,ON SCENE,NO INJURY / DRIVE AWAY,,,,"OVER $1,500",11/3/2017 16:40,FAILING TO YIELD RIGHT-OF-WAY,IMPROPER LANE USAGE,5700,N,CUMBERLAND AVE,1614,,,,,,,2,NO INDICATION OF INJURY,0,0,0,0,0,3,0,16,6,11,41.98259956,-87.83672841,POINT (-87.836728406808 41.982599554701),1
JA497556,,11/3/2017 16:33,30,TRAFFIC SIGNAL,FUNCTIONING PROPERLY,CLEAR,DAYLIGHT,PEDALCYCLIST,DIVIDED - W/MEDIAN (NOT RAISED),,STRAIGHT AND LEVEL,DRY,NO DEFECTS,ON SCENE,INJURY AND / OR TOW DUE TO CRASH,,,,$500 OR LESS,11/3/2017 16:34,IMPROPER OVERTAKING/PASSING,UNABLE TO DETERMINE,559,W,47TH ST,935,,,,,,,2,NONINCAPACITATING INJURY,2,0,0,2,0,3,0,16,6,11,41.80884448,-87.64055307,POINT (-87.64055306869 41.808844480916),1
JA497670,,11/3/2017 16:40,30,NO CONTROLS,NO CONTROLS,CLEAR,DAYLIGHT,REAR END,DIVIDED - W/MEDIAN (NOT RAISED),,STRAIGHT AND LEVEL,DRY,NO DEFECTS,NOT ON SCENE (DESK REPORT),NO INJURY / DRIVE AWAY,Y,,,"$501 - $1,500",11/3/2017 17:57,UNABLE TO DETERMINE,UNABLE TO DETERMINE,6130,S,STATE ST,311,,,,,,,2,NO INDICATION OF INJURY,0,0,0,0,0,2,0,16,6,11,41.78283032,-87.62554239,POINT (-87.625542386158 41.782830321396),1
JA497726,,11/3/2017 16:55,30,NO CONTROLS,NO CONTROLS,CLEAR,DAYLIGHT,SIDESWIPE SAME DIRECTION,DIVIDED - W/MEDIAN (NOT RAISED),4,STRAIGHT AND LEVEL,DRY,NO DEFECTS,NOT ON SCENE (DESK REPORT),NO INJURY / DRIVE AWAY,,,,"OVER $1,500",11/3/2017 18:35,UNABLE TO DETERMINE,UNABLE TO DETERMINE,5805,W,IRVING PARK RD,1633,,,,,,,2,NO INDICATION OF INJURY,0,0,0,0,0,2,0,16,6,11,41.95300447,-87.77210224,POINT (-87.772102238423 41.953004467814),1
JA497640,,11/3/2017 16:56,30,YIELD,NO CONTROLS,CLEAR,DAYLIGHT,PEDESTRIAN,NOT DIVIDED,,STRAIGHT AND LEVEL,DRY,NO DEFECTS,ON SCENE,INJURY AND / OR TOW DUE TO CRASH,,,Y,$500 OR LESS,11/3/2017 17:08,EXCEEDING AUTHORIZED SPEED LIMIT,NOT APPLICABLE,37,W,GARFIELD BLVD,225,,,,,,,2,NONINCAPACITATING INJURY,1,0,0,1,0,1,0,16,6,11,41.79415813,-87.62719921,POINT (-87.627199211624 41.79415812895),1
JA497628,,11/3/2017 16:56,30,TRAFFIC SIGNAL,FUNCTIONING PROPERLY,CLEAR,DAYLIGHT,TURNING,ONE-WAY,,STRAIGHT AND LEVEL,DRY,NO DEFECTS,NOT ON SCENE (DESK REPORT),NO INJURY / DRIVE AWAY,,,,"OVER $1,500",11/3/2017 17:31,IMPROPER OVERTAKING/PASSING,FAILING TO YIELD RIGHT-OF-WAY,2,N,CLARK ST,122,,,,,,,2,NO INDICATION OF INJURY,0,0,0,0,0,2,0,16,6,11,41.88200199,-87.63103164,POINT (-87.63103163675 41.882001985453),1
JA497730,,11/3/2017 17:00,30,TRAFFIC SIGNAL,FUNCTIONING PROPERLY,CLEAR,"DARKNESS, LIGHTED ROAD",SIDESWIPE SAME DIRECTION,DIVIDED - W/MEDIAN BARRIER,2,STRAIGHT AND LEVEL,DRY,NO DEFECTS,NOT ON SCENE (DESK REPORT),NO INJURY / DRIVE AWAY,,,,"OVER $1,500",11/3/2017 18:30,UNABLE TO DETERMINE,UNABLE TO DETERMINE,250,S,MICHIGAN AVE,113,,,,,,,2,NO INDICATION OF INJURY,0,0,0,0,0,2,0,17,6,11,41.87834487,-87.62445364,POINT (-87.624453640106 41.878344870377),1
JA497635,,11/3/2017 17:00,30,STOP SIGN/FLASHER,FUNCTIONING PROPERLY,CLEAR,DAYLIGHT,ANGLE,NOT DIVIDED,2,STRAIGHT AND LEVEL,DRY,NO DEFECTS,ON SCENE,INJURY AND / OR TOW DUE TO CRASH,Y,,,"OVER $1,500",11/3/2017 17:02,FAILING TO YIELD RIGHT-OF-WAY,FAILING TO REDUCE SPEED TO AVOID CRASH,2900,N,NARRAGANSETT AVE,2511,,,,,,,2,NONINCAPACITATING INJURY,2,0,0,2,0,3,0,17,6,11,41.93292043,-87.78590069,POINT (-87.785900689402 41.932920424589),1
JA497744,,11/3/2017 17:00,15,NO CONTROLS,NO CONTROLS,CLEAR,DUSK,REAR END,PARKING LOT,0,STRAIGHT AND LEVEL,DRY,NO DEFECTS,NOT ON SCENE (DESK REPORT),NO INJURY / DRIVE AWAY,,,,"$501 - $1,500",11/3/2017 18:50,FAILING TO YIELD RIGHT-OF-WAY,IMPROPER BACKING,3956,W,NORTH AVE,2535,,,,,,,2,NO INDICATION OF INJURY,0,0,0,0,0,3,0,17,6,11,41.90999834,-87.72619768,POINT (-87.726197681287 41.909998335435),1
JA497734,,11/3/2017 17:00,30,NO CONTROLS,NO CONTROLS,CLEAR,DAYLIGHT,PARKED MOTOR VEHICLE,NOT DIVIDED,2,STRAIGHT AND LEVEL,DRY,NO DEFECTS,NOT ON SCENE (DESK REPORT),NO INJURY / DRIVE AWAY,,,Y,"OVER $1,500",11/3/2017 18:44,UNABLE TO DETERMINE,NOT APPLICABLE,214,S,WOOD ST,1225,,,,,,,2,NO INDICATION OF INJURY,0,0,0,0,0,1,0,17,6,11,41.87827496,-87.67181614,POINT (-87.671816142711 41.878274955887),1
JA497622,,11/3/2017 17:00,30,NO CONTROLS,NO CONTROLS,CLEAR,DAYLIGHT,REAR END,NOT DIVIDED,,STRAIGHT AND LEVEL,DRY,NO DEFECTS,NOT ON SCENE (DESK REPORT),NO INJURY / DRIVE AWAY,,,Y,"$501 - $1,500",11/3/2017 17:13,UNABLE TO DETERMINE,UNABLE TO DETERMINE,91,E,104TH ST,512,,,,,,,2,NO INDICATION OF INJURY,0,0,0,0,0,2,0,17,6,11,41.7052767,-87.6205785,POINT (-87.6205785032 41.705276703485),1
JA497660,,11/3/2017 17:00,30,NO CONTROLS,NO CONTROLS,CLEAR,DARKNESS,REAR END,NOT DIVIDED,2,STRAIGHT AND LEVEL,DRY,NO DEFECTS,NOT ON SCENE (DESK REPORT),NO INJURY / DRIVE AWAY,,,,"$501 - $1,500",11/3/2017 17:50,IMPROPER OVERTAKING/PASSING,NOT APPLICABLE,5650,W,IRVING PARK RD,1624,,,,,,,2,NO INDICATION OF INJURY,0,0,0,0,0,2,0,17,6,11,41.95326863,-87.76907622,POINT (-87.769076219472 41.953268631847),1
JA497725,,11/3/2017 17:05,30,TRAFFIC SIGNAL,FUNCTIONING PROPERLY,CLEAR,"DARKNESS, LIGHTED ROAD",SIDESWIPE SAME DIRECTION,DIVIDED - W/MEDIAN (NOT RAISED),2,STRAIGHT AND LEVEL,DRY,NO DEFECTS,ON SCENE,NO INJURY / DRIVE AWAY,,,,"OVER $1,500",11/3/2017 18:23,FAILING TO YIELD RIGHT-OF-WAY,NOT APPLICABLE,3306,N,PULASKI RD,1731,,,,,,,2,NO INDICATION OF INJURY,0,0,0,0,0,2,0,17,6,11,41.94115043,-87.72739309,POINT (-87.727393087269 41.941150429285),1
JA497636,,11/3/2017 17:07,35,NO CONTROLS,NO CONTROLS,CLEAR,DAWN,FIXED OBJECT,DIVIDED - W/MEDIAN (NOT RAISED),2,STRAIGHT AND LEVEL,DRY,NO DEFECTS,ON SCENE,NO INJURY / DRIVE AWAY,,,,"OVER $1,500",11/3/2017 17:07,"OPERATING VEHICLE IN ERRATIC, RECKLESS, CARELESS, NEGLIGENT OR AGGRESSIVE MANNER",PHYSICAL CONDITION OF DRIVER,2210,W,PERSHING RD,912,,,,,,,1,NO INDICATION OF INJURY,0,0,0,0,0,1,0,17,6,11,41.82315254,-87.68056215,POINT (-87.680562147433 41.823152544283),1
JA497648,,11/3/2017 17:15,30,NO CONTROLS,NO CONTROLS,CLEAR,DUSK,TURNING,NOT DIVIDED,,STRAIGHT AND LEVEL,DRY,NO DEFECTS,ON SCENE,NO INJURY / DRIVE AWAY,Y,,,$500 OR LESS,11/3/2017 17:30,IMPROPER TURNING/NO SIGNAL,NOT APPLICABLE,1930,W,NORWOOD ST,2413,,,,,,,2,NO INDICATION OF INJURY,0,0,0,0,0,5,0,17,6,11,41.99202017,-87.67839765,POINT (-87.678397646202 41.992020170651),1
JA497673,,11/3/2017 17:21,30,NO CONTROLS,NO CONTROLS,CLEAR,DUSK,PARKED MOTOR VEHICLE,NOT DIVIDED,4,STRAIGHT AND LEVEL,DRY,NO DEFECTS,ON SCENE,NO INJURY / DRIVE AWAY,,,Y,"OVER $1,500",11/3/2017 17:21,UNABLE TO DETERMINE,UNABLE TO DETERMINE,6848,S,ASHLAND AVE,725,,,,,,,2,NO INDICATION OF INJURY,0,0,0,0,0,1,0,17,6,11,41.768919,-87.66407147,POINT (-87.664071466614 41.768919000671),1
JA497709,Y,11/3/2017 17:24,15,NO CONTROLS,NO CONTROLS,CLEAR,DAYLIGHT,REAR END,ONE-WAY,1,STRAIGHT AND LEVEL,DRY,NO DEFECTS,NOT ON SCENE (DESK REPORT),NO INJURY / DRIVE AWAY,,,Y,"$501 - $1,500",11/3/2017 18:15,UNABLE TO DETERMINE,UNABLE TO DETERMINE,3500,W,LELAND AVE,1723,,,,,,,2,NO INDICATION OF INJURY,0,0,0,0,0,2,0,17,6,11,41.96666575,-87.71581711,POINT (-87.715817113728 41.966665751787),1
JA500833,,11/3/2017 17:25,30,NO CONTROLS,NO CONTROLS,CLOUDY/OVERCAST,DUSK,PARKED MOTOR VEHICLE,DRIVEWAY,,STRAIGHT AND LEVEL,DRY,NO DEFECTS,NOT ON SCENE (DESK REPORT),NO INJURY / DRIVE AWAY,,,,"$501 - $1,500",11/6/2017 10:00,IMPROPER BACKING,UNABLE TO DETERMINE,525,E,86TH ST,632,,,,,,,2,NO INDICATION OF INJURY,0,0,0,0,0,1,0,17,6,11,41.7382754,-87.61110457,POINT (-87.611104569892 41.738275397289),1
JA499204,,11/3/2017 17:25,30,TRAFFIC SIGNAL,FUNCTIONING PROPERLY,CLOUDY/OVERCAST,"DARKNESS, LIGHTED ROAD",TURNING,DIVIDED - W/MEDIAN (NOT RAISED),,STRAIGHT AND LEVEL,DRY,NO DEFECTS,NOT ON SCENE (DESK REPORT),NO INJURY / DRIVE AWAY,Y,,,"OVER $1,500",11/4/2017 22:22,FAILING TO YIELD RIGHT-OF-WAY,UNABLE TO DETERMINE,3241,W,PETERSON AVE,1711,,,,,,,2,NO INDICATION OF INJURY,0,0,0,0,0,2,0,17,6,11,41.99025485,-87.71076324,POINT (-87.710763243534 41.990254848132),1
JB134215,,11/3/2017 17:30,25,NO CONTROLS,NO CONTROLS,CLEAR,DAYLIGHT,PARKED MOTOR VEHICLE,ONE-WAY,,STRAIGHT AND LEVEL,DRY,NO DEFECTS,NOT ON SCENE (DESK REPORT),NO INJURY / DRIVE AWAY,,,,"OVER $1,500",1/29/2018 16:30,UNABLE TO DETERMINE,NOT APPLICABLE,7735,S,CREGIER AVE,414,,,,,,,2,NO INDICATION OF INJURY,0,0,0,0,0,1,0,17,6,11,41.75413383,-87.58078126,POINT (-87.580781254949 41.754133832786),1
JA497684,,11/3/2017 17:30,30,TRAFFIC SIGNAL,FUNCTIONING PROPERLY,RAIN,DAYLIGHT,SIDESWIPE SAME DIRECTION,DIVIDED - W/MEDIAN BARRIER,,STRAIGHT AND LEVEL,DRY,UNKNOWN,NOT ON SCENE (DESK REPORT),NO INJURY / DRIVE AWAY,Y,,,"$501 - $1,500",11/3/2017 18:02,UNABLE TO DETERMINE,UNABLE TO DETERMINE,1326,S,LAKE SHORE DR W,132,,,,,,,2,NO INDICATION OF INJURY,0,0,0,0,0,2,0,17,6,11,41.86512499,-87.61953993,POINT (-87.619539924525 41.865124991072),1
JA500891,,11/3/2017 17:30,30,NO CONTROLS,NO CONTROLS,CLEAR,DAYLIGHT,SIDESWIPE SAME DIRECTION,NOT DIVIDED,,STRAIGHT AND LEVEL,DRY,NO DEFECTS,NOT ON SCENE (DESK REPORT),NO INJURY / DRIVE AWAY,,,,"$501 - $1,500",11/6/2017 10:40,FAILING TO YIELD RIGHT-OF-WAY,UNABLE TO DETERMINE,23,N,WACKER DR,122,,,,,,,2,NO INDICATION OF INJURY,0,0,0,0,0,2,0,17,6,11,41.88254185,-87.6366344,POINT (-87.636634400347 41.882541849181),1
JA497747,,11/3/2017 17:30,30,NO CONTROLS,NO CONTROLS,CLEAR,"DARKNESS, LIGHTED ROAD",PARKED MOTOR VEHICLE,PARKING LOT,,STRAIGHT AND LEVEL,DRY,NO DEFECTS,ON SCENE,NO INJURY / DRIVE AWAY,,,Y,$500 OR LESS,11/3/2017 18:15,NOT APPLICABLE,NOT APPLICABLE,327,E,HURON ST,1834,,,,,,,2,NO INDICATION OF INJURY,0,0,0,0,0,1,0,17,6,11,41.89491617,-87.61923712,POINT (-87.619237119575 41.894916172286),1
JA497783,,11/3/2017 17:30,30,NO CONTROLS,NO CONTROLS,CLEAR,"DARKNESS, LIGHTED ROAD",PARKED MOTOR VEHICLE,NOT DIVIDED,,STRAIGHT AND LEVEL,DRY,UNKNOWN,NOT ON SCENE (DESK REPORT),NO INJURY / DRIVE AWAY,,,Y,"OVER $1,500",11/3/2017 19:17,DRIVING SKILLS/KNOWLEDGE/EXPERIENCE,NOT APPLICABLE,1650,E,71ST ST,332,,,,,,,2,NO INDICATION OF INJURY,0,0,0,0,0,1,0,17,6,11,41.76627355,-87.58397348,POINT (-87.583973480565 41.766273547809),1
JA498552,,11/3/2017 17:31,0,NO CONTROLS,NO CONTROLS,CLEAR,DAYLIGHT,PARKED MOTOR VEHICLE,PARKING LOT,0,STRAIGHT AND LEVEL,DRY,NO DEFECTS,NOT ON SCENE (DESK REPORT),NO INJURY / DRIVE AWAY,,,Y,"$501 - $1,500",11/4/2017 12:30,UNABLE TO DETERMINE,NOT APPLICABLE,5322,N,HARLEM AVE,1613,,,,,,,2,NO INDICATION OF INJURY,0,0,0,0,0,2,0,17,6,11,41.97705914,-87.80715689,POINT (-87.807156884728 41.977059136137),1
JA497881,,11/3/2017 17:35,25,NO CONTROLS,NO CONTROLS,CLEAR,DAYLIGHT,PARKED MOTOR VEHICLE,DIVIDED - W/MEDIAN (NOT RAISED),2,STRAIGHT AND LEVEL,DRY,NO DEFECTS,NOT ON SCENE (DESK REPORT),NO INJURY / DRIVE AWAY,,,Y,"$501 - $1,500",11/3/2017 20:39,UNABLE TO DETERMINE,UNABLE TO DETERMINE,4959,S,LAMON AVE,814,,,,,,,2,NO INDICATION OF INJURY,0,0,0,0,0,1,0,17,6,11,41.8022078,-87.74531238,POINT (-87.745312374701 41.802207794654),1
JA501491,,11/3/2017 17:35,30,NO CONTROLS,NO CONTROLS,CLEAR,DAYLIGHT,REAR END,DIVIDED - W/MEDIAN (NOT RAISED),,STRAIGHT AND LEVEL,DRY,NO DEFECTS,NOT ON SCENE (DESK REPORT),NO INJURY / DRIVE AWAY,,,,"$501 - $1,500",11/6/2017 16:20,UNABLE TO DETERMINE,UNABLE TO DETERMINE,225,S,CANAL ST,121,,,,,,,2,NO INDICATION OF INJURY,0,0,0,0,0,2,0,17,6,11,41.87853128,-87.63942746,POINT (-87.639427459627 41.878531278354),1
JA502466,,11/3/2017 17:38,10,NO CONTROLS,NO CONTROLS,UNKNOWN,UNKNOWN,PARKED MOTOR VEHICLE,PARKING LOT,,STRAIGHT AND LEVEL,UNKNOWN,UNKNOWN,NOT ON SCENE (DESK REPORT),NO INJURY / DRIVE AWAY,,Y,Y,$500 OR LESS,11/7/2017 1:16,UNABLE TO DETERMINE,NOT APPLICABLE,4704,S,CICERO AVE,814,,,,,,,2,NO INDICATION OF INJURY,0,0,0,0,0,1,0,17,6,11,41.8074172,-87.7432947,POINT (-87.743294695532 41.807417197386),1
JA497717,,11/3/2017 17:38,30,NO CONTROLS,NO CONTROLS,CLEAR,DAYLIGHT,REAR END,DIVIDED - W/MEDIAN (NOT RAISED),,STRAIGHT AND LEVEL,DRY,NO DEFECTS,NOT ON SCENE (DESK REPORT),NO INJURY / DRIVE AWAY,,,,"OVER $1,500",11/3/2017 18:25,FAILING TO REDUCE SPEED TO AVOID CRASH,FAILING TO REDUCE SPEED TO AVOID CRASH,2741,W,TOUHY AVE,2411,,,,,,,2,NO INDICATION OF INJURY,0,0,0,0,0,2,0,17,6,11,42.01197703,-87.69898721,POINT (-87.698987207642 42.011977025881),1
JA501615,,11/3/2017 17:40,30,TRAFFIC SIGNAL,FUNCTIONING PROPERLY,UNKNOWN,"DARKNESS, LIGHTED ROAD",SIDESWIPE SAME DIRECTION,ONE-WAY,,STRAIGHT AND LEVEL,UNKNOWN,UNKNOWN,NOT ON SCENE (DESK REPORT),NO INJURY / DRIVE AWAY,,,,$500 OR LESS,11/3/2017 18:30,UNABLE TO DETERMINE,UNABLE TO DETERMINE,200,N,CLARK ST,122,,,,,,,2,NO INDICATION OF INJURY,0,0,0,0,0,2,0,17,6,11,41.8857668,-87.63112354,POINT (-87.631123540151 41.885766804303),1
JA497657,,11/3/2017 17:40,15,NO CONTROLS,NO CONTROLS,CLEAR,DAYLIGHT,PARKED MOTOR VEHICLE,NOT DIVIDED,,STRAIGHT AND LEVEL,DRY,NO DEFECTS,ON SCENE,INJURY AND / OR TOW DUE TO CRASH,,,Y,"OVER $1,500",11/3/2017 17:43,UNDER THE INFLUENCE OF ALCOHOL/DRUGS (USE WHEN ARREST IS EFFECTED),"OPERATING VEHICLE IN ERRATIC, RECKLESS, CARELESS, NEGLIGENT OR AGGRESSIVE MANNER",6700,S,LAWNDALE AVE,833,,,,,,,5,NO INDICATION OF INJURY,0,0,0,0,0,1,0,17,6,11,41.77144058,-87.71536939,POINT (-87.715369385298 41.771440579611),1
JA497692,,11/3/2017 17:41,30,NO CONTROLS,NO CONTROLS,CLEAR,DAYLIGHT,SIDESWIPE SAME DIRECTION,ONE-WAY,,STRAIGHT AND LEVEL,DRY,NO DEFECTS,NOT ON SCENE (DESK REPORT),NO INJURY / DRIVE AWAY,,,,"$501 - $1,500",11/3/2017 18:00,UNABLE TO DETERMINE,UNABLE TO DETERMINE,707,W,GRAND AVE,1214,,,,,,,2,NO INDICATION OF INJURY,0,0,0,0,0,2,0,17,6,11,41.89109215,-87.64621996,POINT (-87.646219955701 41.891092153471),1
JA497702,,11/3/2017 17:45,15,NO CONTROLS,NO CONTROLS,CLEAR,DUSK,FIXED OBJECT,ALLEY,,STRAIGHT AND LEVEL,DRY,NO DEFECTS,ON SCENE,INJURY AND / OR TOW DUE TO CRASH,,,Y,"OVER $1,500",11/3/2017 17:50,UNABLE TO DETERMINE,IMPROPER OVERTAKING/PASSING,4004,W,LAKE ST,1114,,,,,,,1,,,,,,,,,17,6,11,41.88558506,-87.72607483,POINT (-87.726074834197 41.885585061074),1
JA497686,,11/3/2017 17:45,30,UNKNOWN,OTHER,UNKNOWN,UNKNOWN,REAR END,CENTER TURN LANE,,STRAIGHT AND LEVEL,UNKNOWN,UNKNOWN,NOT ON SCENE (DESK REPORT),NO INJURY / DRIVE AWAY,,,,$500 OR LESS,11/3/2017 18:00,FOLLOWING TOO CLOSELY,NOT APPLICABLE,2551,N,WESTERN AVE,1432,,,,,,,2,NO INDICATION OF INJURY,0,0,0,0,0,2,0,17,6,11,41.9283284,-87.68761557,POINT (-87.687615572498 41.928328397774),1
JA511684,,11/3/2017 17:48,30,NO CONTROLS,NO CONTROLS,CLEAR,DUSK,PEDESTRIAN,NOT DIVIDED,2,STRAIGHT AND LEVEL,DRY,NO DEFECTS,NOT ON SCENE (DESK REPORT),INJURY AND / OR TOW DUE TO CRASH,,,,$500 OR LESS,11/14/2017 16:29,UNABLE TO DETERMINE,NOT APPLICABLE,4700,S,HALSTED ST,933,,,,,,,2,NONINCAPACITATING INJURY,1,0,0,1,0,1,0,17,6,11,41.80881504,-87.64568295,POINT (-87.645682953152 41.808815039296),1
JA497699,,11/3/2017 17:50,30,NO CONTROLS,NO CONTROLS,CLEAR,DUSK,PARKED MOTOR VEHICLE,OTHER,4,STRAIGHT AND LEVEL,DRY,NO DEFECTS,,INJURY AND / OR TOW DUE TO CRASH,,,,"OVER $1,500",11/3/2017 17:57,UNABLE TO DETERMINE,UNABLE TO DETERMINE,6027,S,ASHLAND AVE,713,,,,,,,3,NONINCAPACITATING INJURY,1,0,0,1,0,1,0,17,6,11,41.78410659,-87.66418572,POINT (-87.664185721122 41.78410658921),1
JA497724,,11/3/2017 17:50,30,TRAFFIC SIGNAL,FUNCTIONING PROPERLY,CLEAR,"DARKNESS, LIGHTED ROAD",TURNING,DIVIDED - W/MEDIAN BARRIER,,STRAIGHT AND LEVEL,DRY,NO DEFECTS,ON SCENE,INJURY AND / OR TOW DUE TO CRASH,Y,,,"OVER $1,500",11/3/2017 18:23,FAILING TO YIELD RIGHT-OF-WAY,NOT APPLICABLE,360,W,WACKER DR,122,,,,,,,2,NO INDICATION OF INJURY,0,0,0,0,0,2,0,17,6,11,41.88582821,-87.6370915,POINT (-87.637091502663 41.885828209986),1
JA497693,,11/3/2017 17:50,30,TRAFFIC SIGNAL,FUNCTIONING PROPERLY,CLEAR,"DARKNESS, LIGHTED ROAD",REAR END,NOT DIVIDED,2,STRAIGHT AND LEVEL,DRY,NO DEFECTS,NOT ON SCENE (DESK REPORT),NO INJURY / DRIVE AWAY,Y,,,"OVER $1,500",11/3/2017 18:05,UNABLE TO DETERMINE,NOT APPLICABLE,2400,N,KEDZIE BLVD,1413,,,,,,,2,NO INDICATION OF INJURY,0,0,0,0,0,4,0,17,6,11,41.92479693,-87.70736773,POINT (-87.707367724723 41.924796933803),1
JA497769,,11/3/2017 17:53,30,NO CONTROLS,NO CONTROLS,CLEAR,DUSK,REAR END,DIVIDED - W/MEDIAN (NOT RAISED),2,STRAIGHT AND LEVEL,DRY,NO DEFECTS,NOT ON SCENE (DESK REPORT),NO INJURY / DRIVE AWAY,,,,"OVER $1,500",11/3/2017 19:15,UNABLE TO DETERMINE,UNABLE TO DETERMINE,4058,W,ADDISON ST,1732,,,,,,,2,NO INDICATION OF INJURY,0,0,0,0,0,4,0,17,6,11,41.94646164,-87.72913902,POINT (-87.729139017664 41.946461643974),1
JA497685,,11/3/2017 17:57,30,STOP SIGN/FLASHER,FUNCTIONING PROPERLY,CLEAR,DUSK,REAR END,DIVIDED - W/MEDIAN (NOT RAISED),2,STRAIGHT AND LEVEL,DRY,UNKNOWN,ON SCENE,INJURY AND / OR TOW DUE TO CRASH,Y,,,"OVER $1,500",11/3/2017 17:57,FOLLOWING TOO CLOSELY,NOT APPLICABLE,1053,E,93RD ST,413,,,,,,,3,NONINCAPACITATING INJURY,2,0,0,2,0,1,0,17,6,11,41.72569899,-87.59760942,POINT (-87.597609417677 41.725698989104),1
JA497732,,11/3/2017 18:00,25,NO CONTROLS,NO CONTROLS,CLEAR,"DARKNESS, LIGHTED ROAD",FIXED OBJECT,NOT DIVIDED,2,STRAIGHT AND LEVEL,DRY,UNKNOWN,ON SCENE,INJURY AND / OR TOW DUE TO CRASH,,,,"$501 - $1,500",11/3/2017 18:05,UNABLE TO DETERMINE,UNABLE TO DETERMINE,5567,W,VAN BUREN ST,1522,,,,,,,1,NONINCAPACITATING INJURY,1,0,0,1,0,0,0,18,6,11,41.87462398,-87.76420912,POINT (-87.764209116854 41.874623975146),1