RD_NO,CRASH_DATE_EST_I,CRASH_DATE,POSTED_SPEED_LIMIT,TRAFFIC_CONTROL_DEVICE,DEVICE_CONDITION,WEATHER_CONDITION,LIGHTING_CONDITION,FIRST_CRASH_TYPE,TRAFFICWAY_TYPE,LANE_CNT,ALIGNMENT,ROADWAY_SURFACE_COND,ROAD_DEFECT,REPORT_TYPE,CRASH_TYPE,INTERSECTION_RELATED_I,NOT_RIGHT_OF_WAY_I,HIT_AND_RUN_I,DAMAGE,DATE_POLICE_NOTIFIED,PRIM_CONTRIBUTORY_CAUSE,SEC_CONTRIBUTORY_CAUSE,STREET_NO,STREET_DIRECTION,STREET_NAME,BEAT_OF_OCCURRENCE,PHOTOS_TAKEN_I,STATEMENTS_TAKEN_I,DOORING_I,WORK_ZONE_I,WORK_ZONE_TYPE,WORKERS_PRESENT_I,NUM_UNITS,MOST_SEVERE_INJURY,INJURIES_TOTAL,INJURIES_FATAL,INJURIES_INCAPACITATING,INJURIES_NON_INCAPACITATING,INJURIES_REPORTED_NOT_EVIDENT,INJURIES_NO_INDICATION,INJURIES_UNKNOWN,CRASH_HOUR,CRASH_DAY_OF_WEEK,CRASH_MONTH,LATITUDE,LONGITUDE,LOCATION,Join
JA497899,,11/3/2017 20:49,30,STOP SIGN/FLASHER,FUNCTIONING IMPROPERLY,CLEAR,"DARKNESS, LIGHTED ROAD",ANGLE,DIVIDED - W/MEDIAN (NOT RAISED),2,STRAIGHT AND LEVEL,DRY,NO DEFECTS,ON SCENE,INJURY AND / OR TOW DUE TO CRASH,Y,,Y,"OVER $1,500",11/3/2017 20:50,DISREGARDING STOP SIGN,"OPERATING VEHICLE IN ERRATIC, RECKLESS, CARELESS, NEGLIGENT OR AGGRESSIVE MANNER",1600,S,LAWNDALE AVE,1014,,,,,,,2,NONINCAPACITATING INJURY,3,0,0,3,0,0,0,20,6,11,41.85885291,-87.71782129,POINT (-87.717821290091 41.858852908363),1
JA519375,,11/3/2017 21:00,30,NO CONTROLS,NO CONTROLS,CLEAR,DUSK,OTHER OBJECT,ONE-WAY,,STRAIGHT AND LEVEL,DRY,NO DEFECTS,NOT ON SCENE (DESK REPORT),NO INJURY / DRIVE AWAY,,,,"OVER $1,500",11/20/2017 16:47,NOT APPLICABLE,NOT APPLICABLE,626,S,CICERO AVE,1533,,,,,,,1,NO INDICATION OF INJURY,0,0,0,0,0,1,0,21,6,11,41.87226806,-87.74508305,POINT (-87.745083047084 41.872268055263),1
JA498588,,11/3/2017 21:00,30,NO CONTROLS,NO CONTROLS,CLEAR,"DARKNESS, LIGHTED ROAD",SIDESWIPE SAME DIRECTION,NOT DIVIDED,,STRAIGHT AND LEVEL,DRY,UNKNOWN,NOT ON SCENE (DESK REPORT),NO INJURY / DRIVE AWAY,,,,"OVER $1,500",11/4/2017 12:38,UNABLE TO DETERMINE,UNABLE TO DETERMINE,6500,N,SHERIDAN RD,2432,Y,,,,,,2,NO INDICATION OF INJURY,0,0,0,0,0,3,0,21,6,11,42.0004435,-87.66085935,POINT (-87.660859350903 42.000443496129),1
JA497933,,11/3/2017 21:15,30,TRAFFIC SIGNAL,FUNCTIONING PROPERLY,CLEAR,"DARKNESS, LIGHTED ROAD",SIDESWIPE SAME DIRECTION,NOT DIVIDED,,STRAIGHT AND LEVEL,DRY,NO DEFECTS,NOT ON SCENE (DESK REPORT),NO INJURY / DRIVE AWAY,Y,,,"OVER $1,500",11/3/2017 21:45,FOLLOWING TOO CLOSELY,NOT APPLICABLE,2,S,MICHIGAN AVE,112,,,,,,,2,NO INDICATION OF INJURY,0,0,0,0,0,2,0,21,6,11,41.88204398,-87.62451104,POINT (-87.624511036615 41.88204398026),1
JA497994,,11/3/2017 21:22,30,NO CONTROLS,NO CONTROLS,CLEAR,DARKNESS,REAR END,NOT DIVIDED,,STRAIGHT AND LEVEL,DRY,NO DEFECTS,NOT ON SCENE (DESK REPORT),NO INJURY / DRIVE AWAY,,,,"OVER $1,500",11/3/2017 22:36,UNABLE TO DETERMINE,UNABLE TO DETERMINE,5300,S,CICERO AVE,814,,,,,,,3,NO INDICATION OF INJURY,0,0,0,0,0,4,0,21,6,11,41.79660608,-87.74300403,POINT (-87.743004025677 41.796606074549),1
JA497942,,11/3/2017 21:30,30,NO CONTROLS,NO CONTROLS,CLEAR,"DARKNESS, LIGHTED ROAD",REAR END,NOT DIVIDED,,STRAIGHT AND LEVEL,DRY,NO DEFECTS,NOT ON SCENE (DESK REPORT),NO INJURY / DRIVE AWAY,,,,"$501 - $1,500",11/3/2017 22:00,UNABLE TO DETERMINE,UNABLE TO DETERMINE,1800,W,MONTROSE AVE,1912,,,,,,,2,NO INDICATION OF INJURY,0,0,0,0,0,2,0,21,6,11,41.96162692,-87.67455924,POINT (-87.6745592365 41.961626917209),1
JA498337,,11/3/2017 21:30,30,NO CONTROLS,NO CONTROLS,CLEAR,DARKNESS,PARKED MOTOR VEHICLE,NOT DIVIDED,1,STRAIGHT AND LEVEL,DRY,NO DEFECTS,NOT ON SCENE (DESK REPORT),NO INJURY / DRIVE AWAY,,,Y,"OVER $1,500",11/4/2017 9:00,UNABLE TO DETERMINE,UNABLE TO DETERMINE,2842,N,RICHMOND ST,1411,,,,,,,2,NO INDICATION OF INJURY,0,0,0,0,0,1,0,21,6,11,41.93334788,-87.70147951,POINT (-87.701479510523 41.933347883689),1
JA499807,,11/3/2017 21:30,30,NO CONTROLS,NO CONTROLS,CLEAR,DARKNESS,TURNING,NOT DIVIDED,,STRAIGHT AND LEVEL,DRY,NO DEFECTS,NOT ON SCENE (DESK REPORT),NO INJURY / DRIVE AWAY,Y,,,"OVER $1,500",11/5/2017 12:12,UNABLE TO DETERMINE,UNABLE TO DETERMINE,7300,S,KEDZIE AVE,835,,,,,,,2,NO INDICATION OF INJURY,0,0,0,0,0,2,0,21,6,11,41.76066858,-87.7028548,POINT (-87.702854797154 41.760668583144),1
JA497926,,11/3/2017 21:30,30,TRAFFIC SIGNAL,FUNCTIONING PROPERLY,CLEAR,"DARKNESS, LIGHTED ROAD",REAR END,DIVIDED - W/MEDIAN (NOT RAISED),6,STRAIGHT AND LEVEL,DRY,NO DEFECTS,ON SCENE,NO INJURY / DRIVE AWAY,,,Y,"OVER $1,500",11/3/2017 21:32,FOLLOWING TOO CLOSELY,NOT APPLICABLE,9903,S,HALSTED ST,2232,,,,,,,2,NO INDICATION OF INJURY,0,0,0,0,0,2,0,21,6,11,41.71406851,-87.64285019,POINT (-87.642850191051 41.71406851293),1
JA497961,,11/3/2017 21:35,30,STOP SIGN/FLASHER,NO CONTROLS,CLEAR,"DARKNESS, LIGHTED ROAD",ANGLE,ONE-WAY,,STRAIGHT AND LEVEL,DRY,NO DEFECTS,NOT ON SCENE (DESK REPORT),NO INJURY / DRIVE AWAY,,,,"OVER $1,500",11/3/2017 22:30,UNABLE TO DETERMINE,NOT APPLICABLE,8200,S,MICHIGAN AVE,631,,,,,,,2,NO INDICATION OF INJURY,0,0,0,0,0,2,0,21,6,11,41.7454376,-87.62138169,POINT (-87.621381693727 41.745437599519),1
JA498835,,11/3/2017 21:40,30,NO CONTROLS,NO CONTROLS,CLOUDY/OVERCAST,DARKNESS,PARKED MOTOR VEHICLE,NOT DIVIDED,2,STRAIGHT AND LEVEL,WET,NO DEFECTS,NOT ON SCENE (DESK REPORT),NO INJURY / DRIVE AWAY,,,Y,"OVER $1,500",11/4/2017 15:53,IMPROPER OVERTAKING/PASSING,IMPROPER OVERTAKING/PASSING,200,E,103RD ST,511,,,,,,,2,NO INDICATION OF INJURY,0,0,0,0,0,1,0,21,6,11,41.70734959,-87.61858476,POINT (-87.618584761621 41.707349590259),1
JA497949,,11/3/2017 21:40,30,NO CONTROLS,NO CONTROLS,CLEAR,DUSK,SIDESWIPE SAME DIRECTION,NOT DIVIDED,,STRAIGHT AND LEVEL,DRY,NO DEFECTS,ON SCENE,NO INJURY / DRIVE AWAY,,,,"OVER $1,500",11/3/2017 22:30,IMPROPER OVERTAKING/PASSING,UNABLE TO DETERMINE,10350,S,TALMAN AVE,2211,,,,,,,2,NO INDICATION OF INJURY,0,0,0,0,0,3,0,21,6,11,41.70481881,-87.68841337,POINT (-87.688413365281 41.704818808119),1
JA497950,,11/3/2017 21:45,30,TRAFFIC SIGNAL,FUNCTIONING PROPERLY,CLEAR,"DARKNESS, LIGHTED ROAD",TURNING,NOT DIVIDED,2,STRAIGHT AND LEVEL,DRY,NO DEFECTS,NOT ON SCENE (DESK REPORT),NO INJURY / DRIVE AWAY,Y,,,"$501 - $1,500",11/3/2017 22:00,UNABLE TO DETERMINE,NOT APPLICABLE,5901,S,KEDZIE AVE,824,,,,,,,2,NO INDICATION OF INJURY,0,0,0,0,0,5,0,21,6,11,41.78615933,-87.70319986,POINT (-87.703199859408 41.78615932619),1
JA497996,,11/3/2017 21:50,15,NO CONTROLS,NO CONTROLS,CLEAR,DARKNESS,FIXED OBJECT,ALLEY,1,STRAIGHT AND LEVEL,DRY,NO DEFECTS,ON SCENE,INJURY AND / OR TOW DUE TO CRASH,,,,"OVER $1,500",11/3/2017 21:51,NOT APPLICABLE,NOT APPLICABLE,5019,W,WABANSIA AVE,2533,,,,,,,1,NO INDICATION OF INJURY,0,0,0,0,0,1,0,21,6,11,41.91127422,-87.75191651,POINT (-87.751916509289 41.911274217852),1
JA497957,,11/3/2017 21:50,30,NO CONTROLS,NO CONTROLS,CLEAR,"DARKNESS, LIGHTED ROAD",PARKED MOTOR VEHICLE,DIVIDED - W/MEDIAN (NOT RAISED),,STRAIGHT AND LEVEL,DRY,NO DEFECTS,ON SCENE,NO INJURY / DRIVE AWAY,,,,$500 OR LESS,11/3/2017 22:02,IMPROPER TURNING/NO SIGNAL,NOT APPLICABLE,1979,N,WILMOT AVE,1434,,,,,,,2,NO INDICATION OF INJURY,0,0,0,0,0,3,0,21,6,11,41.91754601,-87.68673581,POINT (-87.686735812152 41.91754601204),1
JA497976,,11/3/2017 21:53,30,NO CONTROLS,NO CONTROLS,CLEAR,"DARKNESS, LIGHTED ROAD",PARKED MOTOR VEHICLE,ONE-WAY,2,STRAIGHT AND LEVEL,DRY,NO DEFECTS,ON SCENE,INJURY AND / OR TOW DUE TO CRASH,,,,"OVER $1,500",11/3/2017 21:53,UNABLE TO DETERMINE,UNABLE TO DETERMINE,619,W,62ND ST,711,N,,,,,,3,NO INDICATION OF INJURY,0,0,0,0,0,2,0,21,6,11,41.78152368,-87.64080807,POINT (-87.640808068391 41.781523678789),1
JA497999,,11/3/2017 22:00,30,NO CONTROLS,NO CONTROLS,CLEAR,"DARKNESS, LIGHTED ROAD",FIXED OBJECT,ONE-WAY,,STRAIGHT AND LEVEL,DRY,NO DEFECTS,ON SCENE,INJURY AND / OR TOW DUE TO CRASH,,,,"OVER $1,500",11/3/2017 22:31,UNABLE TO DETERMINE,UNABLE TO DETERMINE,4700,S,WENTWORTH AVE,224,,,,,,,1,NO INDICATION OF INJURY,0,0,0,0,0,1,0,22,6,11,41.80908244,-87.63103087,POINT (-87.63103087365 41.809082436649),1
JA499081,N,11/3/2017 22:00,30,NO CONTROLS,NO CONTROLS,CLEAR,DARKNESS,PARKED MOTOR VEHICLE,ONE-WAY,1,STRAIGHT AND LEVEL,DRY,NO DEFECTS,ON SCENE,NO INJURY / DRIVE AWAY,,,N,"OVER $1,500",11/4/2017 19:30,UNABLE TO DETERMINE,NOT APPLICABLE,5468,S,DORCHESTER AVE,234,,,,,,,2,NO INDICATION OF INJURY,0,0,0,0,0,1,0,22,6,11,41.79609805,-87.59185307,POINT (-87.591853071101 41.796098047595),1
JA497971,Y,11/3/2017 22:00,35,NO CONTROLS,NO CONTROLS,CLEAR,"DARKNESS, LIGHTED ROAD",TURNING,NOT DIVIDED,2,STRAIGHT AND LEVEL,DRY,NO DEFECTS,,NO INJURY / DRIVE AWAY,Y,,,"$501 - $1,500",11/3/2017 22:35,UNABLE TO DETERMINE,UNABLE TO DETERMINE,700,N,MICHIGAN AVE,1834,,,,,,,2,NO INDICATION OF INJURY,0,0,0,0,0,2,0,22,6,11,41.89497951,-87.62439997,POINT (-87.624399970455 41.8949795111),1
JA497991,,11/3/2017 22:10,25,NO CONTROLS,NO CONTROLS,CLEAR,DARKNESS,TURNING,NOT DIVIDED,2,STRAIGHT AND LEVEL,DRY,NO DEFECTS,NOT ON SCENE (DESK REPORT),NO INJURY / DRIVE AWAY,,,,"$501 - $1,500",11/3/2017 22:53,FAILING TO REDUCE SPEED TO AVOID CRASH,"OPERATING VEHICLE IN ERRATIC, RECKLESS, CARELESS, NEGLIGENT OR AGGRESSIVE MANNER",700,S,CENTRAL AVE,1513,,,,,,,2,NO INDICATION OF INJURY,0,0,0,0,0,2,0,22,6,11,41.87178124,-87.76471429,POINT (-87.764714290938 41.87178124117),1
JA497979,,11/3/2017 22:13,30,TRAFFIC SIGNAL,FUNCTIONING PROPERLY,CLEAR,"DARKNESS, LIGHTED ROAD",TURNING,OTHER,2,STRAIGHT AND LEVEL,DRY,NO DEFECTS,ON SCENE,INJURY AND / OR TOW DUE TO CRASH,Y,,,"OVER $1,500",11/3/2017 22:14,FAILING TO YIELD RIGHT-OF-WAY,IMPROPER TURNING/NO SIGNAL,4400,W,MADISON ST,1113,,,,,,,3,NO INDICATION OF INJURY,0,0,0,0,0,3,0,22,6,11,41.88071896,-87.73560061,POINT (-87.735600609006 41.880718957876),1
JA498023,,11/3/2017 22:15,30,NO CONTROLS,NO CONTROLS,CLEAR,"DARKNESS, LIGHTED ROAD",HEAD ON,NOT DIVIDED,2,STRAIGHT AND LEVEL,DRY,NO DEFECTS,ON SCENE,INJURY AND / OR TOW DUE TO CRASH,,,Y,"OVER $1,500",11/3/2017 23:20,DRIVING ON WRONG SIDE/WRONG WAY,IMPROPER LANE USAGE,1911,S,KEDZIE AVE,1022,,,,,,,2,NO INDICATION OF INJURY,0,0,0,0,0,2,0,22,6,11,41.85504222,-87.70520031,POINT (-87.705200310225 41.855042217118),1
JA497992,,11/3/2017 22:15,30,NO CONTROLS,NO CONTROLS,CLEAR,"DARKNESS, LIGHTED ROAD",PARKED MOTOR VEHICLE,ONE-WAY,2,STRAIGHT AND LEVEL,DRY,NO DEFECTS,NOT ON SCENE (DESK REPORT),NO INJURY / DRIVE AWAY,,,,"$501 - $1,500",11/3/2017 22:47,UNABLE TO DETERMINE,UNABLE TO DETERMINE,195,E,DELAWARE PL,1833,,,,,,,2,NO INDICATION OF INJURY,0,0,0,0,0,1,0,22,6,11,41.89912976,-87.62214332,POINT (-87.62214332108 41.899129754873),1
JA497964,,11/3/2017 22:26,30,NO CONTROLS,NO CONTROLS,CLEAR,DARKNESS,FIXED OBJECT,DRIVEWAY,,STRAIGHT ON GRADE,DRY,NO DEFECTS,NOT ON SCENE (DESK REPORT),NO INJURY / DRIVE AWAY,,Y,,$500 OR LESS,11/3/2017 22:26,UNABLE TO DETERMINE,ROAD ENGINEERING/SURFACE/MARKING DEFECTS,966,E,92ND ST,413,,,,,,,1,NO INDICATION OF INJURY,0,0,0,0,0,2,0,22,6,11,41.7277093,-87.59982567,POINT (-87.599825673464 41.727709296985),1
JA497993,,11/3/2017 22:30,30,NO CONTROLS,NO CONTROLS,CLEAR,"DARKNESS, LIGHTED ROAD",REAR END,NOT DIVIDED,1,STRAIGHT AND LEVEL,DRY,WORN SURFACE,ON SCENE,INJURY AND / OR TOW DUE TO CRASH,,,Y,"$501 - $1,500",11/3/2017 22:36,FAILING TO REDUCE SPEED TO AVOID CRASH,NOT APPLICABLE,2402,N,HALSTED ST,1935,,,,,,,2,NONINCAPACITATING INJURY,1,0,0,1,0,1,0,22,6,11,41.92554032,-87.64891216,POINT (-87.648912155512 41.925540315432),1
JA498053,,11/3/2017 22:30,15,NO CONTROLS,NO CONTROLS,CLEAR,"DARKNESS, LIGHTED ROAD",PARKED MOTOR VEHICLE,PARKING LOT,0,STRAIGHT AND LEVEL,DRY,NO DEFECTS,ON SCENE,NO INJURY / DRIVE AWAY,,Y,,"OVER $1,500",11/3/2017 23:10,DRIVING SKILLS/KNOWLEDGE/EXPERIENCE,DRIVING SKILLS/KNOWLEDGE/EXPERIENCE,6545,W,64TH PL,812,,,,,,,2,NO INDICATION OF INJURY,0,0,0,0,0,1,0,22,6,11,41.77476983,-87.78538714,POINT (-87.785387141971 41.774769826043),1
JA498482,,11/3/2017 22:30,25,TRAFFIC SIGNAL,FUNCTIONING PROPERLY,CLEAR,"DARKNESS, LIGHTED ROAD",REAR END,NOT DIVIDED,2,STRAIGHT AND LEVEL,DRY,UNKNOWN,NOT ON SCENE (DESK REPORT),NO INJURY / DRIVE AWAY,,,,"$501 - $1,500",11/4/2017 11:25,FOLLOWING TOO CLOSELY,NOT APPLICABLE,1032,E,87TH ST,412,,,,,,,2,NO INDICATION OF INJURY,0,0,0,0,0,2,0,22,6,11,41.73684479,-87.59863826,POINT (-87.598638263939 41.736844788063),1
JA498037,,11/3/2017 22:45,30,NO CONTROLS,NO CONTROLS,CLEAR,"DARKNESS, LIGHTED ROAD",PARKED MOTOR VEHICLE,ONE-WAY,,STRAIGHT AND LEVEL,DRY,NO DEFECTS,ON SCENE,NO INJURY / DRIVE AWAY,,,Y,"OVER $1,500",11/3/2017 22:55,UNABLE TO DETERMINE,EXCEEDING AUTHORIZED SPEED LIMIT,1864,S,KOMENSKY AVE,1012,,,,,,,4,NO INDICATION OF INJURY,0,0,0,0,0,1,0,22,6,11,41.85516134,-87.72621298,POINT (-87.726212979649 41.855161340341),1
JA498013,,11/3/2017 22:45,40,NO CONTROLS,NO CONTROLS,CLEAR,"DARKNESS, LIGHTED ROAD",SIDESWIPE SAME DIRECTION,DIVIDED - W/MEDIAN BARRIER,,STRAIGHT AND LEVEL,DRY,NO DEFECTS,ON SCENE,NO INJURY / DRIVE AWAY,,,,"$501 - $1,500",11/3/2017 23:05,UNABLE TO DETERMINE,IMPROPER OVERTAKING/PASSING,830,N,LAKE SHORE DR NB,1833,,,,,,,2,NO INDICATION OF INJURY,0,0,0,0,0,2,0,22,6,11,41.89757622,-87.6173485,POINT (-87.617348497234 41.897576215992),1
JA498032,,11/3/2017 22:45,35,TRAFFIC SIGNAL,FUNCTIONING PROPERLY,CLEAR,"DARKNESS, LIGHTED ROAD",TURNING,DIVIDED - W/MEDIAN BARRIER,,STRAIGHT AND LEVEL,DRY,NO DEFECTS,ON SCENE,INJURY AND / OR TOW DUE TO CRASH,,,,"OVER $1,500",11/3/2017 23:50,UNABLE TO DETERMINE,NOT APPLICABLE,125,S,LOWER WACKER DR,122,,,,,,,2,NONINCAPACITATING INJURY,4,0,0,4,0,2,0,22,6,11,41.88001382,-87.63653536,POINT (-87.636535357269 41.880013821598),1
JA498288,,11/3/2017 22:45,20,NO CONTROLS,NO CONTROLS,CLEAR,"DARKNESS, LIGHTED ROAD",PARKED MOTOR VEHICLE,ONE-WAY,,STRAIGHT AND LEVEL,DRY,NO DEFECTS,ON SCENE,NO INJURY / DRIVE AWAY,,,Y,"OVER $1,500",11/4/2017 8:00,BICYCLE ADVANCING LEGALLY ON RED LIGHT,NOT APPLICABLE,4116,W,GEORGE ST,2523,,,,,,,3,NO INDICATION OF INJURY,0,0,0,0,0,1,0,22,6,11,41.93370476,-87.73021128,POINT (-87.730211279288 41.933704754563),1
JA498278,,11/3/2017 22:55,30,TRAFFIC SIGNAL,FUNCTIONING PROPERLY,CLEAR,"DARKNESS, LIGHTED ROAD",REAR END,NOT DIVIDED,4,STRAIGHT AND LEVEL,DRY,NO DEFECTS,NOT ON SCENE (DESK REPORT),NO INJURY / DRIVE AWAY,,,Y,$500 OR LESS,11/4/2017 7:54,UNABLE TO DETERMINE,UNABLE TO DETERMINE,10300,S,WESTERN AVE,2211,,,,,,,2,NO INDICATION OF INJURY,0,0,0,0,0,2,0,22,6,11,41.70628233,-87.6817636,POINT (-87.68176359458 41.706282331898),1
JA498011,,11/3/2017 22:55,30,TRAFFIC SIGNAL,FUNCTIONING PROPERLY,CLEAR,"DARKNESS, LIGHTED ROAD",TURNING,DIVIDED - W/MEDIAN BARRIER,2,STRAIGHT AND LEVEL,DRY,NO DEFECTS,ON SCENE,NO INJURY / DRIVE AWAY,Y,,,"$501 - $1,500",11/3/2017 22:55,IMPROPER TURNING/NO SIGNAL,UNABLE TO DETERMINE,759,E,95TH ST,511,,,,,,,2,NO INDICATION OF INJURY,0,0,0,0,0,3,0,22,6,11,41.72193512,-87.60460316,POINT (-87.604603159395 41.721935116339),1
JA498078,,11/3/2017 23:00,30,UNKNOWN,UNKNOWN,CLEAR,"DARKNESS, LIGHTED ROAD",PARKED MOTOR VEHICLE,ONE-WAY,1,STRAIGHT AND LEVEL,DRY,NO DEFECTS,NOT ON SCENE (DESK REPORT),INJURY AND / OR TOW DUE TO CRASH,,,Y,"OVER $1,500",11/4/2017 0:20,UNABLE TO DETERMINE,UNABLE TO DETERMINE,1256,S,SPAULDING AVE,1021,,,,,,,2,NO INDICATION OF INJURY,0,0,0,0,0,1,0,23,6,11,41.86463426,-87.70819982,POINT (-87.708199816705 41.86463425569),1
JA498033,N,11/3/2017 23:10,30,STOP SIGN/FLASHER,NO CONTROLS,CLEAR,"DARKNESS, LIGHTED ROAD",PARKED MOTOR VEHICLE,ONE-WAY,1,STRAIGHT AND LEVEL,DRY,UNKNOWN,ON SCENE,INJURY AND / OR TOW DUE TO CRASH,,,,"OVER $1,500",11/3/2017 23:20,PHYSICAL CONDITION OF DRIVER,UNABLE TO DETERMINE,4133,W,IOWA ST,1111,,,,,,,3,NO INDICATION OF INJURY,0,0,0,0,0,1,0,23,6,11,41.89703448,-87.72976905,POINT (-87.729769049086 41.897034475471),1
JA498034,,11/3/2017 23:11,30,TRAFFIC SIGNAL,FUNCTIONING PROPERLY,CLEAR,"DARKNESS, LIGHTED ROAD",TURNING,DIVIDED - W/MEDIAN (NOT RAISED),,STRAIGHT AND LEVEL,DRY,NO DEFECTS,ON SCENE,INJURY AND / OR TOW DUE TO CRASH,Y,,,"OVER $1,500",11/3/2017 23:30,DRIVING SKILLS/KNOWLEDGE/EXPERIENCE,FAILING TO YIELD RIGHT-OF-WAY,540,W,ROOSEVELT RD,124,,,,,,,2,INCAPACITATING INJURY,4,0,4,0,0,2,0,23,6,11,41.86735016,-87.64079708,POINT (-87.640797080284 41.867350160014),1
JA498030,,11/3/2017 23:13,35,NO CONTROLS,NO CONTROLS,CLEAR,"DARKNESS, LIGHTED ROAD",FIXED OBJECT,DIVIDED - W/MEDIAN (NOT RAISED),,STRAIGHT AND LEVEL,DRY,NO DEFECTS,ON SCENE,INJURY AND / OR TOW DUE TO CRASH,,,,"$501 - $1,500",11/3/2017 23:13,EXCEEDING AUTHORIZED SPEED LIMIT,DRIVING SKILLS/KNOWLEDGE/EXPERIENCE,6100,S,STATE ST,311,,,,,,,1,NO INDICATION OF INJURY,0,0,0,0,0,1,0,23,6,11,41.78368541,-87.62556248,POINT (-87.625562477833 41.783685406962),1
JA498051,,11/3/2017 23:15,30,OTHER WARNING SIGN,UNKNOWN,CLEAR,"DARKNESS, LIGHTED ROAD",REAR END,NOT DIVIDED,2,STRAIGHT AND LEVEL,UNKNOWN,UNKNOWN,NOT ON SCENE (DESK REPORT),NO INJURY / DRIVE AWAY,,,,"OVER $1,500",11/3/2017 23:30,UNABLE TO DETERMINE,NOT APPLICABLE,2448,N,HALSTED ST,1935,,,,,,,2,NO INDICATION OF INJURY,0,0,0,0,0,2,0,23,6,11,41.92687316,-87.64895798,POINT (-87.648957979502 41.926873157799),1
JA498049,,11/3/2017 23:15,30,STOP SIGN/FLASHER,FUNCTIONING PROPERLY,CLEAR,"DARKNESS, LIGHTED ROAD",ANGLE,OTHER,3,STRAIGHT AND LEVEL,DRY,NO DEFECTS,ON SCENE,INJURY AND / OR TOW DUE TO CRASH,Y,,,"OVER $1,500",11/4/2017 0:45,UNABLE TO DETERMINE,UNABLE TO DETERMINE,5600,S,MICHIGAN AVE,225,,,,,,,2,"REPORTED, NOT EVIDENT",2,0,0,0,2,1,0,23,6,11,41.79280951,-87.62256297,POINT (-87.622562966972 41.792809505121),1
JA498041,,11/3/2017 23:27,35,NO CONTROLS,NO CONTROLS,CLEAR,"DARKNESS, LIGHTED ROAD",SIDESWIPE SAME DIRECTION,DIVIDED - W/MEDIAN (NOT RAISED),,STRAIGHT AND LEVEL,DRY,NO DEFECTS,ON SCENE,INJURY AND / OR TOW DUE TO CRASH,,,Y,"OVER $1,500",11/3/2017 23:31,"OPERATING VEHICLE IN ERRATIC, RECKLESS, CARELESS, NEGLIGENT OR AGGRESSIVE MANNER","OPERATING VEHICLE IN ERRATIC, RECKLESS, CARELESS, NEGLIGENT OR AGGRESSIVE MANNER",5531,S,PULASKI RD,822,,,,,,,3,NONINCAPACITATING INJURY,1,0,0,1,0,2,0,23,6,11,41.79233004,-87.72298623,POINT (-87.722986230219 41.792330039883),1
JA504413,,11/3/2017 23:28,20,NO CONTROLS,NO CONTROLS,CLEAR,"DARKNESS, LIGHTED ROAD",ANGLE,ONE-WAY,,STRAIGHT AND LEVEL,DRY,NO DEFECTS,NOT ON SCENE (DESK REPORT),NO INJURY / DRIVE AWAY,,,,"OVER $1,500",11/8/2017 20:00,UNABLE TO DETERMINE,UNABLE TO DETERMINE,1217,W,NORTH SHORE AVE,2432,,,,,,,2,NO INDICATION OF INJURY,0,0,0,0,0,3,0,23,6,11,42.00342299,-87.66155296,POINT (-87.661552955483 42.003422988814),1
JA498047,,11/3/2017 23:37,30,TRAFFIC SIGNAL,FUNCTIONING PROPERLY,CLEAR,"DARKNESS, LIGHTED ROAD",ANGLE,NOT DIVIDED,2,STRAIGHT AND LEVEL,DRY,NO DEFECTS,ON SCENE,NO INJURY / DRIVE AWAY,Y,,,"OVER $1,500",11/3/2017 23:40,FAILING TO REDUCE SPEED TO AVOID CRASH,NOT APPLICABLE,4331,N,PULASKI RD,1723,,,,,,,2,NO INDICATION OF INJURY,0,0,0,0,0,2,0,23,6,11,41.96008288,-87.72765537,POINT (-87.727655366333 41.960082877678),1
JA498057,,11/3/2017 23:40,30,TRAFFIC SIGNAL,FUNCTIONING PROPERLY,CLEAR,"DARKNESS, LIGHTED ROAD",REAR END,NOT DIVIDED,4,STRAIGHT AND LEVEL,DRY,NO DEFECTS,NOT ON SCENE (DESK REPORT),NO INJURY / DRIVE AWAY,,,,"$501 - $1,500",11/3/2017 23:55,UNABLE TO DETERMINE,UNABLE TO DETERMINE,5028,N,BROADWAY,2033,,,,,,,2,NO INDICATION OF INJURY,0,0,0,0,0,2,0,23,6,11,41.97362234,-87.65994124,POINT (-87.659941243732 41.973622342666),1